Unnamed: 0,קטגוריה,שם,קלוריות ל-100 גרם,חלבון ל-100 גרם,פחמימה ל-100 גרם,שומן ל-100 גרם,חברה,מועשר בחלבון
0.0,חלבון,חזה עוף מבושל,165,31.0,0.0,3.6,יטבתה,
1.0,חלבון,דג סלמון אפוי,206,22.1,0.0,12.4,תנובה,
2.0,חלבון,ביצה קשה (בינונית),77,6.3,0.6,5.3,אלפרו,
3.0,חלבון,גבינת קוטג' 5%,98,11.1,3.4,5.0,תנובה,
4.0,חלבון,טופו,76,8.0,1.9,4.8,תנובה,
5.0,חלבון,עדשים מבושלות,116,9.0,20.0,0.4,אלפרו,
6.0,חלבון,יוגורט טבעי 3%,61,3.5,4.7,3.0,תנובה,לא
7.0,חלבון,חומוס מבושל,164,8.9,27.4,2.6,מולר,
8.0,חלבון,גבינת מוצרלה,280,28.0,3.1,17.0,שטראוס,
9.0,חלבון,שקדים,575,21.2,21.6,49.4,אלפרו,
10.0,שומן,אבוקדו,160,2.0,8.5,14.7,תנובה,
11.0,שומן,שמן זית,884,0.0,0.0,100.0,אלפרו,
12.0,שומן,אגוזי מלך,654,15.2,13.7,65.2,אלפרו,
13.0,שומן,טחינה גולמית,595,17.0,21.0,53.0,תנובה,
14.0,שומן,בוטנים קלויים,585,24.4,21.5,49.7,מולר,
15.0,שומן,חמאת בוטנים,588,25.0,20.0,50.0,תנובה,
16.0,שומן,שמן קוקוס,862,0.0,0.0,100.0,תנובה,
17.0,שומן,אגוזי לוז,628,15.0,16.7,60.8,מולר,
18.0,שומן,שמן קנולה,884,0.0,0.0,100.0,יטבתה,
19.0,שומן,שמן חמניות,884,0.0,0.0,100.0,תנובה,
20.0,פחמימה,אורז לבן (מבושל),130,2.7,28.2,0.3,יטבתה,
21.0,פחמימה,לחם חיטה מלאה,252,13.0,43.3,4.2,אלפרו,
22.0,פחמימה,תפוחי אדמה מבושלים,87,2.1,20.0,0.1,מולר,
23.0,פחמימה,תירס מתוק (מבושל),86,3.2,18.7,1.4,תנובה,
24.0,פחמימה,בננה (בינונית),89,1.1,22.8,0.3,יטבתה,
25.0,פחמימה,תפוח (בינוני),52,0.3,13.8,0.2,אלפרו,
26.0,פחמימה,קוואקר (מבושל),71,2.5,12.0,1.4,תנובה,
27.0,פחמימה,גזר (נא),41,0.9,9.6,0.2,יטבתה,
28.0,פחמימה,קינואה (מבושלת),120,4.1,21.3,1.9,שטראוס,
29.0,פחמימה,תפוז (בינוני),47,0.9,11.8,0.1,תנובה,
30.0,חלבון,סטייק בקר,250,26.0,0.0,17.0,אלפרו,
31.0,חלבון,פילה דג בקלה,97,21.0,0.0,1.0,שטראוס,
32.0,חלבון,גבינת פטה 5%,145,11.0,0.0,10.0,תנובה,
33.0,חלבון,גבינת ריקוטה,174,13.0,3.0,13.0,תנובה,
34.0,חלבון,חזה הודו מבושל,135,30.0,0.0,1.0,אלפרו,
35.0,חלבון,סרדינים בשמן,208,25.0,0.0,11.0,תנובה,
36.0,חלבון,שווארמה עוף,200,25.0,0.0,10.0,תנובה,
37.0,חלבון,בשר כבש מבושל,294,25.0,0.0,21.0,שטראוס,
38.0,חלבון,יוגורט יווני 2%,73,6.0,4.0,2.0,מולר,לא
39.0,חלבון,ביצי שליו,158,13.0,1.0,11.0,שטראוס,
40.0,שומן,שמן אבוקדו,884,0.0,0.0,100.0,יטבתה,
41.0,שומן,שמן שומשום,884,0.0,0.0,100.0,אלפרו,
42.0,שומן,שמן זרעי ענבים,884,0.0,0.0,100.0,שטראוס,
43.0,שומן,פיסטוקים,562,20.0,28.0,45.0,יטבתה,
44.0,שומן,אגוזי פקאן,691,9.0,14.0,72.0,תנובה,
45.0,שומן,שוקולד מריר 85%,598,7.0,46.0,43.0,שטראוס,
46.0,שומן,ממרח שקדים,614,21.0,20.0,50.0,תנובה,
47.0,שומן,קרם קוקוס,195,2.0,5.0,19.0,תנובה,
48.0,שומן,חמאה,717,1.0,0.0,81.0,אלפרו,
49.0,שומן,שמנת מתוקה 38%,362,2.0,3.0,38.0,אלפרו,
50.0,פחמימה,פסטה מבושלת,131,5.0,25.0,1.0,יטבתה,
51.0,פחמימה,לחם לבן,265,9.0,49.0,3.0,מולר,
52.0,פחמימה,בייגלה,380,10.0,80.0,2.0,אלפרו,
53.0,פחמימה,אטריות ביצים,138,5.0,25.0,2.0,יטבתה,
54.0,פחמימה,תפוח עץ ירוק (בינוני),48,0.0,13.0,0.0,תנובה,
55.0,פחמימה,תמרים מיובשים,282,2.0,75.0,0.0,יטבתה,
56.0,פחמימה,שיבולת שועל יבשה,389,13.0,66.0,7.0,יטבתה,
57.0,פחמימה,בטטה מבושלת,86,1.0,20.0,0.0,אלפרו,
58.0,פחמימה,מלפפון חמוץ,11,1.0,2.0,0.0,יטבתה,
59.0,פחמימה,מנגו (בינוני),60,0.8,15.0,0.4,מולר,
60.0,חלבון,גבינת פרמזן,431,38.0,4.0,29.0,אלפרו,
61.0,חלבון,חלבון ביצה נוזלי,52,11.0,0.7,0.2,שטראוס,
62.0,חלבון,פילה עוף צלוי,195,35.0,0.0,5.0,יטבתה,
63.0,חלבון,טונה במים,116,26.0,0.0,1.0,מולר,
64.0,חלבון,קציצות בשר בקר,250,20.0,3.0,17.0,תנובה,
65.0,חלבון,שניצל דג,205,18.0,13.0,9.0,תנובה,
66.0,חלבון,קינואה מבושלת,120,4.4,21.0,1.9,מולר,
67.0,חלבון,עדשים ירוקות,116,9.0,20.0,0.4,שטראוס,
68.0,חלבון,סייטן,370,75.0,14.0,1.9,תנובה,
69.0,חלבון,גבינת צ'דר,402,25.0,1.0,33.0,שטראוס,
70.0,שומן,חמאת קוקוס,862,0.6,6.5,89.0,מולר,
71.0,שומן,אגוזי ברזיל,656,14.0,12.0,66.0,מולר,
72.0,שומן,שמן אגוזי מקדמיה,718,0.0,0.0,77.0,שטראוס,
73.0,שומן,שמן זרעי פשתן,884,0.0,0.0,100.0,תנובה,
74.0,שומן,אגוזי קשיו,553,18.0,30.0,44.0,יטבתה,
75.0,שומן,אגוזי פיסטוק קלופים,572,20.0,28.0,45.0,שטראוס,
76.0,שומן,ממרח טחינה מלאה,630,17.0,16.0,55.0,יטבתה,
77.0,שומן,שמן דקלים,884,0.0,0.0,100.0,מולר,
78.0,שומן,ממרח אגוזים,612,10.0,17.0,53.0,אלפרו,
79.0,שומן,חמאה ללא מלח,717,0.0,0.0,81.0,יטבתה,
80.0,פחמימה,אורז חום (מבושל),123,2.7,25.6,1.0,יטבתה,
81.0,פחמימה,לחם שיפון,259,9.0,48.0,3.0,שטראוס,
82.0,פחמימה,קרקרים מקמח מלא,421,11.0,66.0,10.0,יטבתה,
83.0,פחמימה,פירות יבשים (מיקס),325,3.0,78.0,0.4,מולר,
84.0,פחמימה,שוקולד חלב,535,7.0,59.0,29.0,יטבתה,
85.0,פחמימה,לחמנייה מקמח כוסמין,235,9.0,44.0,2.0,תנובה,
86.0,פחמימה,קורנפלקס ללא סוכר,370,8.0,84.0,2.0,מולר,
87.0,פחמימה,דייסת סולת,120,3.0,23.0,1.3,תנובה,
88.0,פחמימה,תפוח אדמה מטוגן,312,4.0,41.0,15.0,תנובה,
89.0,פחמימה,פופקורן ללא שמן,387,13.0,78.0,4.0,מולר,
90.0,חלבון,סלמון מעושן,142,20.0,0.0,6.0,תנובה,
91.0,חלבון,טונה בשמן,186,25.0,0.0,8.0,אלפרו,
92.0,חלבון,קבב בקר,240,20.0,2.0,15.0,יטבתה,
93.0,חלבון,עוף צלוי עם עור,190,28.0,0.0,8.0,יטבתה,
94.0,חלבון,דג מקרל,189,19.0,0.0,12.0,אלפרו,
95.0,חלבון,גבינת גאודה,356,25.0,2.0,27.0,שטראוס,
96.0,חלבון,קוטג' 9%,150,12.0,3.0,9.0,אלפרו,
97.0,חלבון,סטייק טונה,132,28.0,0.0,1.0,תנובה,
98.0,חלבון,עוף בבישול איטי,170,31.0,0.0,4.0,שטראוס,
99.0,חלבון,לבבות עוף,165,27.0,0.0,5.0,אלפרו,
100.0,שומן,ממרח אגוזי לוז,545,8.0,50.0,31.0,יטבתה,
101.0,שומן,גבינת מסקרפונה,460,4.0,4.0,47.0,יטבתה,
102.0,שומן,שמן חמאה מזוקק (גהי),900,0.0,0.0,100.0,שטראוס,
103.0,שומן,אגוזי מקדמיה,718,8.0,14.0,76.0,שטראוס,
104.0,שומן,גבינת ברי,334,21.0,0.0,28.0,שטראוס,
105.0,שומן,שוקולד מריר 70%,546,6.0,45.0,36.0,יטבתה,
106.0,שומן,שמן תירס,884,0.0,0.0,100.0,מולר,
107.0,שומן,טחינה קלויה,595,18.0,16.0,48.0,יטבתה,
108.0,שומן,שמן בוטנים,884,0.0,0.0,100.0,מולר,
109.0,שומן,קרם חמאה,734,0.8,1.0,80.0,מולר,
110.0,פחמימה,תירס משומר,86,3.2,19.0,1.0,שטראוס,
111.0,פחמימה,אבטיח (חתיכה בינונית),30,0.6,8.0,0.2,תנובה,
112.0,פחמימה,אגס (בינוני),57,0.4,15.0,0.1,יטבתה,
113.0,פחמימה,עוגת ספוג,300,6.0,50.0,8.0,אלפרו,
114.0,פחמימה,אורז פרסי מבושל,129,2.5,27.9,0.2,אלפרו,
115.0,פחמימה,פירה תפוחי אדמה,109,2.0,17.0,3.5,מולר,
116.0,פחמימה,חיטה מלאה מבושלת,130,5.0,27.0,0.5,מולר,
117.0,פחמימה,סוכר לבן,387,0.0,100.0,0.0,שטראוס,
118.0,פחמימה,בצל מטוגן,270,1.2,20.0,18.0,תנובה,
119.0,פחמימה,כרובית מבושלת,25,1.9,5.0,0.3,תנובה,
120.0,חלבון,המבורגר בקר,250,26.0,0.0,15.0,תנובה,
121.0,חלבון,קבב טלה,294,25.0,0.0,21.0,מולר,
122.0,חלבון,בשר הודו טחון,135,30.0,0.0,1.0,מולר,
123.0,חלבון,פילה לברק,97,20.0,0.0,1.0,יטבתה,
124.0,חלבון,כבד עוף,119,17.0,1.0,4.0,תנובה,
125.0,חלבון,שקדי עגל,215,29.0,0.0,10.0,יטבתה,
126.0,חלבון,גבינת אמנטל,380,29.0,2.0,30.0,אלפרו,
127.0,חלבון,קוטג' 3%,98,11.0,3.0,3.0,תנובה,
128.0,חלבון,דג פורל,168,23.0,0.0,8.0,אלפרו,
129.0,חלבון,חזה עוף צלוי,150,28.0,0.0,3.0,יטבתה,
130.0,שומן,מרגרינה,717,0.0,0.0,80.0,יטבתה,
131.0,שומן,שמן אבוקדו טבעי,884,0.0,0.0,100.0,יטבתה,
132.0,שומן,שמן קוקוס אורגני,862,0.0,0.0,100.0,אלפרו,
133.0,שומן,טחינה אורגנית,610,19.0,14.0,54.0,שטראוס,
134.0,שומן,שוקולד לבן,539,5.0,58.0,30.0,מולר,
135.0,שומן,ממרח קשיו,533,15.0,30.0,40.0,תנובה,
136.0,שומן,גבינת שמנת 30%,345,6.0,3.0,34.0,אלפרו,
137.0,שומן,אגוזי לוז קלויים,628,15.0,17.0,61.0,יטבתה,
138.0,שומן,חמאת קקאו,884,0.0,0.0,100.0,תנובה,
139.0,שומן,שמן חריע,884,0.0,0.0,100.0,תנובה,
140.0,פחמימה,אטריות אורז,109,2.0,25.0,0.3,תנובה,
141.0,פחמימה,לחם כוסמין מלא,250,11.0,44.0,3.0,תנובה,
142.0,פחמימה,לחם מקמח תירס,270,7.0,50.0,3.0,יטבתה,
143.0,פחמימה,שוקולד חלב עם אגוזים,550,7.0,60.0,30.0,יטבתה,
144.0,פחמימה,מקרוני מבושל,105,3.5,22.0,0.5,יטבתה,
145.0,פחמימה,פיתה מלאה,275,9.0,53.0,2.0,יטבתה,
146.0,פחמימה,חומוס בטחינה,250,8.0,30.0,13.0,יטבתה,
147.0,פחמימה,בייגלה קלוי,380,10.0,80.0,2.0,שטראוס,
148.0,פחמימה,לחם שיפון קל,180,6.0,36.0,1.0,שטראוס,
149.0,פחמימה,בורקס גבינה,310,7.0,30.0,18.0,מולר,
150.0,חלבון,שניצל עוף,250,22.0,10.0,12.0,תנובה,
151.0,חלבון,גבינת פיקורינו,387,29.0,4.0,30.0,אלפרו,
152.0,חלבון,חזה ברווז,337,24.0,0.0,28.0,מולר,
153.0,חלבון,דג סול,70,15.0,0.0,0.5,תנובה,
154.0,חלבון,יוגורט 1.5%,60,4.5,4.0,1.5,שטראוס,כן
155.0,חלבון,גבינת קרם 9%,139,8.0,2.0,9.0,שטראוס,
156.0,חלבון,נקניקיות עוף,200,12.0,2.0,16.0,תנובה,
157.0,חלבון,פילה דג מוסר,89,19.0,0.0,1.0,מולר,
158.0,חלבון,תבשיל עדשים כתומות,130,7.0,18.0,3.0,תנובה,
159.0,חלבון,פסטה עשירה בחלבון,350,20.0,60.0,3.0,יטבתה,
160.0,שומן,שמן זית בטעמים,884,0.0,0.0,100.0,מולר,
161.0,שומן,שוקולד חלב עם שקדים,560,7.0,55.0,33.0,תנובה,
162.0,שומן,גבינת גאודה מעושנת,356,25.0,2.0,27.0,שטראוס,
163.0,שומן,שוקולד מריר עם תפוז,540,6.0,48.0,36.0,יטבתה,
164.0,שומן,אגוזי קשיו קלויים,590,18.0,27.0,48.0,תנובה,
165.0,שומן,חמאת שקדים טבעית,614,21.0,18.0,55.0,יטבתה,
166.0,שומן,קרם קוקוס 15%,150,2.0,6.0,15.0,מולר,
167.0,שומן,טחינה מלאה אורגנית,620,18.0,16.0,55.0,תנובה,
168.0,שומן,שמן ענבים טבעי,884,0.0,0.0,100.0,אלפרו,
169.0,שומן,ממרח שוקולד אגוזים,530,7.0,60.0,30.0,יטבתה,
170.0,פחמימה,קרואסון חמאה,410,7.0,45.0,23.0,תנובה,
171.0,פחמימה,בורקס תרד,320,6.0,33.0,20.0,יטבתה,
172.0,פחמימה,קוסקוס מלא מבושל,110,3.5,22.0,0.5,אלפרו,
173.0,פחמימה,עוגת גזר,350,5.0,50.0,15.0,יטבתה,
174.0,פחמימה,מאפה תפוחים,280,3.0,40.0,12.0,שטראוס,
175.0,פחמימה,לחם קל מקמח מלא,180,6.0,36.0,1.0,שטראוס,
176.0,פחמימה,קורנפלקס ממותק,375,5.0,85.0,2.0,אלפרו,
177.0,פחמימה,ממרח תמרים,250,2.0,60.0,0.5,אלפרו,
178.0,פחמימה,עוגיות שיבולת שועל,470,7.0,60.0,20.0,אלפרו,
179.0,פחמימה,פסטה פפרדלה,130,5.0,25.0,1.0,תנובה,
180.0,חלבון,כבד בקר,191,29.0,3.0,6.0,מולר,
181.0,חלבון,נקניק פסטרמה,150,18.0,1.0,8.0,מולר,
182.0,חלבון,גבינת קממבר,300,19.0,1.0,24.0,אלפרו,
183.0,חלבון,שניצל טופו,200,15.0,10.0,10.0,אלפרו,
184.0,חלבון,דג אמנון מבושל,123,26.0,0.0,3.0,יטבתה,
185.0,חלבון,גבינת מוצרלה טרייה,280,22.0,3.0,20.0,שטראוס,
186.0,חלבון,לבבות ארטישוק,45,3.0,10.0,0.5,שטראוס,
187.0,חלבון,שווארמה הודו,250,22.0,2.0,15.0,תנובה,
188.0,חלבון,קציצות עוף,180,15.0,5.0,10.0,אלפרו,
189.0,חלבון,פילה דג קרפיון,110,21.0,0.0,3.0,שטראוס,
190.0,שומן,ממרח קוקוס,600,6.0,20.0,50.0,אלפרו,
191.0,שומן,חמאת אגוזי לוז,614,15.0,18.0,58.0,תנובה,
192.0,שומן,קרם שקדים,620,18.0,12.0,55.0,מולר,
193.0,שומן,שוקולד מריר 90%,580,8.0,46.0,40.0,תנובה,
194.0,שומן,גבינת רוקפור,369,21.0,2.0,30.0,שטראוס,
195.0,שומן,טחינה בטעם שוקולד,540,12.0,22.0,40.0,שטראוס,
196.0,שומן,אגוזי מלך מסוכרים,630,10.0,50.0,40.0,שטראוס,
197.0,שומן,חמאת בוטנים עם שוקולד,588,20.0,25.0,45.0,אלפרו,
198.0,שומן,ממרח חמאת אגוזים,590,15.0,18.0,52.0,תנובה,
199.0,שומן,שמן זית כתית מעולה,884,0.0,0.0,100.0,תנובה,
200.0,פחמימה,פרוסת עוגה בחושה,350,4.0,60.0,12.0,שטראוס,
201.0,פחמימה,תפוח עץ יבש,280,1.0,75.0,0.0,שטראוס,
202.0,פחמימה,קרקר שיבולת שועל,400,8.0,65.0,15.0,מולר,
203.0,פחמימה,פסטה פנה מבושלת,120,4.0,22.0,1.0,יטבתה,
204.0,פחמימה,שקדים מסוכרים,590,10.0,45.0,40.0,מולר,
205.0,פחמימה,עוגת שוקולד ללא גלוטן,380,6.0,55.0,15.0,אלפרו,
206.0,פחמימה,לחם קל,150,5.0,30.0,1.0,תנובה,
207.0,פחמימה,עוגיות חמאה,500,6.0,60.0,25.0,יטבתה,
208.0,פחמימה,קורנפלקס עם דבש,370,5.0,80.0,2.0,תנובה,
209.0,פחמימה,פירות יער מוקפאים,50,1.0,12.0,0.5,תנובה,
210.0,חלבון,סטייק אנטרקוט,250,26.0,0.0,20.0,שטראוס,
211.0,חלבון,פילה דג סלמון,208,22.0,0.0,13.0,שטראוס,
212.0,חלבון,גבינת פרובולונה,350,25.0,2.0,28.0,תנובה,
213.0,חלבון,פטריות פורטובלו,22,3.0,4.0,0.1,יטבתה,
214.0,חלבון,ממרח עדשים ירוקות,120,8.0,15.0,2.0,מולר,
215.0,חלבון,חביתת ביצים,150,10.0,1.0,11.0,שטראוס,
216.0,חלבון,נקניק סלמי,300,20.0,2.0,25.0,תנובה,
217.0,חלבון,סלט עוף,180,15.0,5.0,10.0,מולר,
218.0,חלבון,ביצי ברווז,185,13.0,1.0,14.0,מולר,
219.0,חלבון,גבינת בלו צ'יז,353,21.0,2.0,28.0,שטראוס,
220.0,חלבון,מוצרלה דלת שומן,200,20.0,1.0,12.0,יטבתה,
221.0,חלבון,סושי עם טונה,140,10.0,20.0,2.0,יטבתה,
222.0,חלבון,קוביות טופו מוקפץ,150,15.0,5.0,7.0,אלפרו,
223.0,חלבון,כבד אווז,420,15.0,2.0,40.0,תנובה,
224.0,חלבון,תבשיל בקר,250,20.0,5.0,15.0,יטבתה,
225.0,חלבון,שוקיים של עוף,190,25.0,0.0,10.0,שטראוס,
226.0,חלבון,גבינת בולגרית 5%,110,9.0,2.0,5.0,תנובה,
227.0,חלבון,פטריות שיטאקה,34,2.0,7.0,0.5,תנובה,
228.0,חלבון,פאי גבינות,270,12.0,15.0,18.0,שטראוס,
229.0,חלבון,בשר מעושן,200,22.0,2.0,12.0,יטבתה,
230.0,שומן,ממרח שוקולד ללא סוכר,450,5.0,35.0,30.0,יטבתה,
231.0,שומן,אגוזי פקאן מסוכרים,700,5.0,50.0,65.0,תנובה,
232.0,שומן,שמן זית בטעם שום,884,0.0,0.0,100.0,תנובה,
233.0,שומן,טחינה עם עשבי תיבול,600,15.0,14.0,52.0,אלפרו,
234.0,שומן,שמן סומסום קלוי,884,0.0,0.0,100.0,יטבתה,
235.0,שומן,ממרח קוקוס ושוקולד,550,5.0,30.0,40.0,אלפרו,
236.0,שומן,חמאת אגוזי פקאן,615,10.0,20.0,55.0,אלפרו,
237.0,שומן,שמן שקדים,884,0.0,0.0,100.0,שטראוס,
238.0,שומן,גבינת קרם עיזים,310,10.0,3.0,28.0,יטבתה,
239.0,שומן,ממרח קקאו טבעי,500,6.0,30.0,40.0,יטבתה,
240.0,שומן,שמן חריע אורגני,884,0.0,0.0,100.0,שטראוס,
241.0,שומן,אגוזי לוז מצופים,630,10.0,45.0,50.0,מולר,
242.0,שומן,ממרח חמאת אגוזים ושוקולד,540,7.0,40.0,33.0,תנובה,
243.0,שומן,שוקולד מריר ממולא,550,6.0,45.0,35.0,אלפרו,
244.0,שומן,שמן חמאה מעושן,900,0.0,0.0,100.0,אלפרו,
245.0,שומן,טחינה מסומסום מלא,630,18.0,16.0,55.0,תנובה,
246.0,שומן,שמן אגוזי מלך,884,0.0,0.0,100.0,תנובה,
247.0,שומן,ממרח אגוזי קשיו ושוקולד,570,8.0,40.0,35.0,שטראוס,
248.0,שומן,גבינת קרם בטעם פטריות,320,8.0,5.0,28.0,מולר,
249.0,שומן,שמן זית עם עשבי תיבול,884,0.0,0.0,100.0,יטבתה,
250.0,פחמימה,אורז לבן מוקפץ,150,2.5,30.0,1.5,יטבתה,
251.0,פחמימה,תפוח עץ אדום (גדול),90,0.5,25.0,0.3,יטבתה,
252.0,פחמימה,חומוס ביתי,250,8.0,30.0,12.0,מולר,
253.0,פחמימה,מאפה קינמון,420,5.0,60.0,20.0,יטבתה,
254.0,פחמימה,גרנולה עם דבש,450,8.0,70.0,12.0,מולר,
255.0,פחמימה,בורקס בטטה,350,6.0,40.0,18.0,מולר,
256.0,פחמימה,פריכיות אורז,390,8.0,82.0,2.0,אלפרו,
257.0,פחמימה,שוקולד ממולא אגוזים,550,6.0,55.0,30.0,מולר,
258.0,פחמימה,אטריות ביצה,138,5.0,25.0,2.0,מולר,
259.0,פחמימה,קינואה מלאה,120,4.0,21.0,2.0,אלפרו,
260.0,פחמימה,מיץ תפוזים,45,0.7,10.0,0.0,אלפרו,
261.0,פחמימה,סוכריות גומי,400,5.0,90.0,0.0,יטבתה,
262.0,פחמימה,לחם תירס,250,7.0,50.0,3.0,תנובה,
263.0,פחמימה,קורנפלקס ללא סוכר,380,8.0,85.0,2.0,מולר,
264.0,פחמימה,עוגיות שיבולת שועל,450,7.0,60.0,20.0,מולר,
265.0,פחמימה,קרקרים מקמח שיפון,400,10.0,70.0,5.0,מולר,
266.0,פחמימה,עוגת בננה,350,5.0,60.0,15.0,יטבתה,
267.0,פחמימה,מיץ תפוחים טבעי,50,0.0,12.0,0.0,יטבתה,
268.0,פחמימה,פירה בטטה,100,1.0,22.0,0.5,יטבתה,
269.0,פחמימה,פסטה ברוטב שמנת,250,7.0,40.0,10.0,מולר,
270.0,חלבון,גבינת חלומי,310,21.0,2.0,24.0,שטראוס,
271.0,חלבון,נקניק קבנוס,330,25.0,1.0,26.0,שטראוס,
272.0,חלבון,סטייק סינטה,200,28.0,0.0,9.0,מולר,
273.0,חלבון,שווארמה בקר,250,22.0,2.0,15.0,מולר,
274.0,חלבון,דג טונה משומר,200,25.0,0.0,10.0,יטבתה,
275.0,חלבון,קבב טלה,280,20.0,2.0,18.0,שטראוס,
276.0,חלבון,נקניק עוף,180,15.0,2.0,12.0,אלפרו,
277.0,חלבון,עוף בתנור,190,27.0,0.0,8.0,מולר,
278.0,חלבון,גבינת צפתית,220,16.0,2.0,17.0,שטראוס,
279.0,חלבון,פילה עוף,170,28.0,0.0,6.0,מולר,
280.0,חלבון,כדורי בקר,230,20.0,5.0,15.0,מולר,
281.0,חלבון,ביצי שליו מבושלות,158,13.0,1.0,11.0,תנובה,
282.0,חלבון,תבשיל שעועית לבנה,140,10.0,20.0,2.0,אלפרו,
283.0,חלבון,יוגורט עיזים,75,5.0,5.0,3.0,שטראוס,כן
284.0,חלבון,בשר הודו בתנור,160,29.0,0.0,3.0,מולר,
285.0,חלבון,קוטג' דל שומן,90,12.0,3.0,1.5,תנובה,
286.0,חלבון,שיפודי עוף,200,28.0,1.0,8.0,יטבתה,
287.0,חלבון,שוקיים של הודו,180,22.0,0.0,9.0,שטראוס,
288.0,חלבון,מרק עוף עם ירקות,70,7.0,5.0,2.0,אלפרו,
289.0,חלבון,חזה עוף אורגני,150,30.0,0.0,3.0,מולר,
290.0,שומן,חמאת שקדים עם דבש,610,20.0,18.0,50.0,מולר,
291.0,שומן,שמן אגוזי פיסטוק,884,0.0,0.0,100.0,יטבתה,
292.0,שומן,טחינה מתובלת,580,18.0,14.0,50.0,תנובה,
293.0,שומן,שמן קוקוס אורגני בטעם,860,0.0,0.0,100.0,תנובה,
294.0,שומן,גבינת שמנת שום שמיר,310,8.0,5.0,27.0,יטבתה,
295.0,שומן,אגוזי ברזיל קלויים,670,14.0,10.0,66.0,תנובה,
296.0,שומן,שוקולד חלב ממולא,550,5.0,55.0,35.0,אלפרו,
297.0,שומן,שמן אגוזי מקדמיה,884,0.0,0.0,100.0,אלפרו,
298.0,שומן,גבינת צפתית שומנית,320,18.0,2.0,27.0,יטבתה,
299.0,שומן,חמאת קוקוס בטעם וניל,620,8.0,20.0,50.0,שטראוס,
300.0,שומן,קרם אגוזים,590,12.0,18.0,50.0,יטבתה,
301.0,שומן,טחינה מתוקה,600,16.0,22.0,45.0,שטראוס,
302.0,שומן,שמן דלעת,884,0.0,0.0,100.0,שטראוס,
303.0,שומן,ממרח שוקולד לבן,540,5.0,50.0,30.0,תנובה,
304.0,שומן,שמן אגוזי פקאן,884,0.0,0.0,100.0,אלפרו,
305.0,שומן,שמן זית בטעם בזיליקום,884,0.0,0.0,100.0,אלפרו,
306.0,שומן,שמן קנולה אורגני,884,0.0,0.0,100.0,אלפרו,
307.0,שומן,טחינה גולמית בטעם,590,15.0,14.0,50.0,תנובה,
308.0,שומן,חמאת בוטנים טבעית,588,25.0,20.0,50.0,שטראוס,
309.0,שומן,שמן חריע טבעי,884,0.0,0.0,100.0,יטבתה,
310.0,פחמימה,פיתה רגילה,260,8.0,50.0,1.0,מולר,
311.0,פחמימה,שיבולת שועל מבושלת,70,2.5,12.0,1.5,יטבתה,
312.0,פחמימה,לחמנייה מתוקה,280,6.0,50.0,4.0,תנובה,
313.0,פחמימה,עוגת גבינה עם פירורים,320,5.0,35.0,15.0,אלפרו,
314.0,פחמימה,אורז בר,100,3.0,21.0,0.5,אלפרו,
315.0,פחמימה,ממרח תמרים טבעי,260,2.0,65.0,0.0,יטבתה,
316.0,פחמימה,לחם שיפון כהה,220,7.0,45.0,1.0,תנובה,
317.0,פחמימה,עוגיות קוואקר,400,7.0,55.0,20.0,מולר,
318.0,פחמימה,בורקס פיצה,360,6.0,40.0,18.0,מולר,
319.0,פחמימה,פריכיות תירס,380,7.0,80.0,2.0,מולר,
320.0,פחמימה,עוגיות חמאה,500,6.0,60.0,25.0,תנובה,
321.0,פחמימה,פנקייק עם סירופ מייפל,270,5.0,40.0,8.0,תנובה,
322.0,פחמימה,לחם חלב,260,6.0,48.0,3.0,מולר,
323.0,פחמימה,קורנפלקס ללא תוספות,380,8.0,85.0,2.0,יטבתה,
324.0,פחמימה,תפוח אדמה אפוי,93,2.0,21.0,0.1,אלפרו,
325.0,פחמימה,עוגיות שוקולד צ'יפס,450,5.0,60.0,20.0,מולר,
326.0,פחמימה,דגנים מלאים,350,10.0,65.0,5.0,יטבתה,
327.0,פחמימה,עוגת שוקולד,400,5.0,55.0,18.0,מולר,
328.0,פחמימה,פסטה עם ירקות,150,5.0,25.0,3.0,מולר,
329.0,פחמימה,סלט קינואה,120,4.0,21.0,2.0,מולר,
330.0,חלבון,סטייק טונה,130,30.0,0.0,1.0,מולר,
331.0,חלבון,קבב בקר,250,20.0,3.0,15.0,אלפרו,
332.0,חלבון,גבינת מנצ'גו,360,24.0,1.0,29.0,תנובה,
333.0,חלבון,חלבון ביצה,52,11.0,0.0,0.2,מולר,
334.0,חלבון,שוקיים של תרנגול הודו,170,28.0,0.0,5.0,תנובה,
335.0,חלבון,גבינת קרם בטעם זיתים,300,10.0,4.0,25.0,תנובה,
336.0,חלבון,תבשיל בקר וירקות,200,18.0,10.0,8.0,תנובה,
337.0,חלבון,דג מקרל בתנור,190,20.0,0.0,10.0,מולר,
338.0,חלבון,מנת חזה עוף,180,28.0,0.0,5.0,מולר,
339.0,חלבון,גבינת צפתית מלוחה,230,18.0,3.0,16.0,שטראוס,
340.0,שומן,שמן אגוזי לוז,884,0.0,0.0,100.0,מולר,
341.0,שומן,ממרח אגוזים ושוקולד,550,6.0,45.0,35.0,תנובה,
342.0,שומן,שוקולד לבן ממולא,540,5.0,50.0,30.0,תנובה,
343.0,שומן,חמאת אגוזים עם קינמון,600,10.0,20.0,50.0,מולר,
344.0,שומן,טחינה אורגנית בטעם פטריות,590,15.0,14.0,50.0,יטבתה,
345.0,שומן,קרם קוקוס,250,2.0,5.0,23.0,אלפרו,
346.0,שומן,שמן קוקוס בטעם וניל,860,0.0,0.0,100.0,יטבתה,
347.0,שומן,אגוזי מלך מקורמלים,630,10.0,50.0,40.0,אלפרו,
348.0,שומן,ממרח שקדים ממותק,610,20.0,18.0,52.0,יטבתה,
349.0,שומן,שמן זית מתובל בזעתר,884,0.0,0.0,100.0,שטראוס,
350.0,פחמימה,עוגיות שוקולד,500,5.0,60.0,25.0,יטבתה,
351.0,פחמימה,לחם קל כוסמין,200,6.0,40.0,2.0,שטראוס,
352.0,פחמימה,קרקרים אורגניים,400,10.0,65.0,5.0,מולר,
353.0,פחמימה,שוקולד חלב עם קרמל,550,6.0,60.0,30.0,מולר,
354.0,פחמימה,פסטה עם רוטב עגבניות,150,6.0,28.0,2.0,מולר,
355.0,פחמימה,פיתה כוסמין,220,8.0,45.0,2.0,יטבתה,
356.0,פחמימה,אורז אדום מבושל,100,3.0,20.0,0.5,מולר,
357.0,פחמימה,בורקס תפוחי אדמה,350,6.0,40.0,18.0,תנובה,
358.0,פחמימה,עוגת וניל,300,5.0,50.0,12.0,תנובה,
359.0,פחמימה,פופקורן עם חמאה,400,8.0,60.0,15.0,יטבתה,
360.0,חלבון,קציצות עוף ותפוחי אדמה,150,12.0,10.0,5.0,תנובה,
361.0,חלבון,שיפודי דג סלמון,180,20.0,0.0,8.0,יטבתה,
362.0,חלבון,גבינת פטה דלת שומן,110,9.0,2.0,5.0,יטבתה,
363.0,חלבון,מרק עדשים כתומות,90,6.0,12.0,2.0,מולר,
364.0,חלבון,עוף בתנור עם ירקות,130,25.0,3.0,2.0,אלפרו,
365.0,חלבון,סטייק דג סול,120,22.0,0.0,3.0,אלפרו,
366.0,חלבון,כדורי עוף עם ירקות,140,15.0,8.0,4.0,מולר,
367.0,חלבון,גבינת מוצרלה קשה,300,24.0,2.0,21.0,מולר,
368.0,חלבון,תבשיל חזה עוף ואורז,200,15.0,25.0,5.0,אלפרו,
369.0,חלבון,שוקיים של ברווז,180,18.0,0.0,12.0,יטבתה,
370.0,חלבון,תבשיל בקר וחומוס,220,20.0,10.0,8.0,תנובה,
371.0,חלבון,פילה דג בורי,100,20.0,0.0,2.0,מולר,
372.0,חלבון,קציצות דגים,170,18.0,5.0,7.0,מולר,
373.0,חלבון,טופו עם ירקות,150,12.0,10.0,6.0,שטראוס,
374.0,חלבון,מרק שעועית עם עוף,110,10.0,15.0,3.0,תנובה,
375.0,חלבון,גבינת עיזים קשה,360,28.0,2.0,28.0,אלפרו,
376.0,חלבון,נקניקיות הודו,190,12.0,2.0,14.0,יטבתה,
377.0,חלבון,עוף בקארי,220,25.0,5.0,8.0,שטראוס,
378.0,חלבון,מרק ירקות עם חלבון,70,7.0,10.0,1.0,מולר,
379.0,חלבון,דג דניס על הגריל,150,23.0,0.0,5.0,יטבתה,
380.0,שומן,שוקולד חלב בטעמים,540,6.0,50.0,30.0,תנובה,
381.0,שומן,אגוזי פקאן טחונים,700,9.0,14.0,72.0,תנובה,
382.0,שומן,שמן חריע אורגני,884,0.0,0.0,100.0,יטבתה,
383.0,שומן,טחינה משומשום מלא,600,18.0,16.0,54.0,מולר,
384.0,שומן,שמן קוקוס בטעם טבעי,862,0.0,0.0,100.0,יטבתה,
385.0,שומן,חמאת שקדים ודבש,590,20.0,18.0,52.0,תנובה,
386.0,שומן,שמן זית עם צ'ילי,884,0.0,0.0,100.0,מולר,
387.0,שומן,ממרח אגוזי מלך,620,15.0,16.0,54.0,מולר,
388.0,שומן,גבינת שמנת 15%,230,7.0,3.0,15.0,אלפרו,
389.0,שומן,שוקולד לבן עם אגוזים,560,7.0,55.0,35.0,תנובה,
390.0,שומן,אגוזי מלך טבעיים,654,15.0,14.0,65.0,שטראוס,
391.0,שומן,קרם קוקוס מעושר,200,3.0,5.0,18.0,שטראוס,
392.0,שומן,טחינה גולמית עשירה,630,17.0,14.0,56.0,יטבתה,
393.0,שומן,חמאת אגוזי קשיו,600,12.0,16.0,54.0,יטבתה,
394.0,שומן,שמן דלעת טבעי,884,0.0,0.0,100.0,תנובה,
395.0,שומן,שמן אגוזי לוז,884,0.0,0.0,100.0,אלפרו,
396.0,שומן,גבינת פרמזן מגורדת,400,30.0,3.0,27.0,מולר,
397.0,שומן,שמן אגוזי מקדמיה,884,0.0,0.0,100.0,מולר,
398.0,שומן,ממרח שוקולד טבעי,500,7.0,40.0,35.0,אלפרו,
399.0,שומן,שמן תירס מעודן,884,0.0,0.0,100.0,תנובה,
400.0,פחמימה,לחם חיטה מלאה קל,190,8.0,38.0,1.0,יטבתה,
401.0,פחמימה,מאפה שוקולד,350,6.0,50.0,15.0,יטבתה,
402.0,פחמימה,אורז מלא עם ירקות,120,3.0,25.0,1.0,אלפרו,
403.0,פחמימה,קרקרים בטעמים,400,10.0,60.0,10.0,תנובה,
404.0,פחמימה,פיתה אורגנית,250,8.0,50.0,2.0,תנובה,
405.0,פחמימה,עוגיות וניל,480,6.0,65.0,22.0,מולר,
406.0,פחמימה,בורקס גבינה,320,6.0,35.0,18.0,אלפרו,
407.0,פחמימה,מקרוני מבושל,130,4.0,25.0,1.0,יטבתה,
408.0,פחמימה,תירס טרי,96,3.0,21.0,1.0,שטראוס,
409.0,פחמימה,שיבולת שועל עם חלב,140,6.0,18.0,3.0,תנובה,
410.0,פחמימה,פריכיות אורז בטעמים,380,7.0,78.0,2.0,יטבתה,
411.0,פחמימה,גרנולה עם אגוזים,450,10.0,60.0,15.0,מולר,
412.0,פחמימה,בורקס תפוחי אדמה,350,6.0,40.0,18.0,יטבתה,
413.0,פחמימה,פנקייק עם רוטב שוקולד,280,6.0,50.0,8.0,שטראוס,
414.0,פחמימה,מיץ תפוזים סחוט,50,1.0,12.0,0.0,שטראוס,
415.0,פחמימה,אורז בסמטי,120,3.0,25.0,0.3,אלפרו,
416.0,פחמימה,קורנפלקס בטעמים,390,7.0,85.0,2.0,יטבתה,
417.0,פחמימה,עוגיות חמאה ביתיות,500,6.0,60.0,25.0,מולר,
418.0,פחמימה,תפוח אדמה בתנור,93,2.0,21.0,0.1,אלפרו,
419.0,פחמימה,לחם שיפון אורגני,240,9.0,45.0,2.0,אלפרו,
420.0,חלבון,עוף מבושל עם אורז,130,25.0,5.0,2.0,אלפרו,
421.0,חלבון,סטייק צלוי,200,28.0,0.0,10.0,שטראוס,
422.0,חלבון,גבינת צ'דר 15%,250,18.0,2.0,15.0,אלפרו,
423.0,חלבון,מרק עדשים חם,120,8.0,16.0,3.0,שטראוס,
424.0,חלבון,דג ברמונדי,110,22.0,0.0,3.0,מולר,
425.0,חלבון,קציצות עדשים ובשר,180,14.0,10.0,8.0,שטראוס,
426.0,חלבון,גבינת עיזים מלוחה,300,20.0,1.0,24.0,יטבתה,
427.0,חלבון,עוף בקארי עם אורז,250,22.0,10.0,5.0,תנובה,
428.0,חלבון,טופו מוקפץ עם ברוקולי,150,12.0,8.0,5.0,אלפרו,
429.0,חלבון,כבד עוף על האש,200,22.0,0.0,8.0,שטראוס,
430.0,חלבון,פילה סלמון מעושן,160,20.0,0.0,9.0,תנובה,
431.0,חלבון,שניצל דק עוף,220,18.0,10.0,10.0,שטראוס,
432.0,חלבון,עוף על גריל,190,28.0,0.0,8.0,תנובה,
433.0,חלבון,גבינת מוצרלה דלת שומן,200,20.0,1.0,12.0,יטבתה,
434.0,חלבון,כדורי דג אפויים,170,15.0,5.0,7.0,תנובה,
435.0,חלבון,שוקיים של תרנגול הודו,180,22.0,0.0,9.0,אלפרו,
436.0,חלבון,מרק שעועית לבנה,100,8.0,12.0,2.0,שטראוס,
437.0,חלבון,סטייק פילה,250,30.0,0.0,12.0,יטבתה,
438.0,חלבון,נקניק סלמי פרוס,310,20.0,1.0,25.0,יטבתה,
439.0,חלבון,גבינת בולגרית קלה,120,10.0,2.0,6.0,יטבתה,
440.0,שומן,שוקולד מריר עם מלח,550,6.0,50.0,35.0,יטבתה,
441.0,שומן,שמן זית מעושן,884,0.0,0.0,100.0,יטבתה,
442.0,שומן,טחינה בטעם שוקולד,600,15.0,20.0,50.0,אלפרו,
443.0,שומן,קרם אגוזי לוז,590,12.0,18.0,50.0,יטבתה,
444.0,שומן,שמן אגוזי קשיו,884,0.0,0.0,100.0,מולר,
445.0,שומן,חמאת בוטנים ללא סוכר,588,25.0,20.0,50.0,אלפרו,
446.0,שומן,גבינת פרמזן מגורדת,410,30.0,3.0,27.0,מולר,
447.0,שומן,ממרח קוקוס ושוקולד,550,5.0,35.0,40.0,תנובה,
448.0,שומן,אגוזי פיסטוק טבעיים,600,18.0,28.0,52.0,שטראוס,
449.0,שומן,שמן חמניות אורגני,884,0.0,0.0,100.0,שטראוס,
450.0,שומן,קרם קוקוס אורגני,200,2.0,5.0,18.0,שטראוס,
451.0,שומן,טחינה עם בזיליקום,600,15.0,14.0,50.0,שטראוס,
452.0,שומן,שמן אגוזים מעורב,884,0.0,0.0,100.0,יטבתה,
453.0,שומן,חמאת שקדים קלויים,620,20.0,15.0,54.0,תנובה,
454.0,שומן,שמן זית בטעם שום,884,0.0,0.0,100.0,מולר,
455.0,שומן,שוקולד חלב עם אגוזים,560,7.0,55.0,35.0,יטבתה,
456.0,שומן,שמן אבוקדו אורגני,884,0.0,0.0,100.0,יטבתה,
457.0,שומן,חמאת אגוזי מלך,620,10.0,20.0,50.0,יטבתה,
458.0,שומן,שמן שומשום,884,0.0,0.0,100.0,תנובה,
459.0,שומן,שמן אגוזי מקדמיה אורגני,884,0.0,0.0,100.0,יטבתה,
460.0,פחמימה,לחם מקמח כוסמין מלא,210,8.0,40.0,2.0,אלפרו,
461.0,פחמימה,עוגיות שיבולת שועל ודבש,470,7.0,60.0,20.0,מולר,
462.0,פחמימה,אורז בסמטי מבושל,110,2.5,25.0,0.5,מולר,
463.0,פחמימה,בורקס פיצה עם זיתים,350,6.0,40.0,18.0,שטראוס,
464.0,פחמימה,פנקייק עם סירופ מייפל,250,5.0,40.0,6.0,שטראוס,
465.0,פחמימה,מיץ גזר טבעי,50,1.0,12.0,0.0,שטראוס,
466.0,פחמימה,קרקרים מקמח תירס,400,10.0,65.0,5.0,יטבתה,
467.0,פחמימה,פריכיות אורז בטעמים,380,7.0,80.0,2.0,תנובה,
468.0,פחמימה,עוגת שוקולד טבעית,380,5.0,50.0,15.0,יטבתה,
469.0,פחמימה,לחמנייה מתוקה עם שומשום,280,6.0,50.0,4.0,יטבתה,
470.0,פחמימה,עוגיות חמאה בטעם וניל,500,6.0,60.0,25.0,מולר,
471.0,פחמימה,עוגת בננה עם אגוזים,320,6.0,45.0,12.0,מולר,
472.0,פחמימה,תפוחי אדמה מטוגנים,310,3.0,40.0,15.0,שטראוס,
473.0,פחמימה,לחם אורגני קל,180,6.0,36.0,1.0,תנובה,
474.0,פחמימה,שוקולד לבן עם קרמל,540,5.0,60.0,30.0,תנובה,
475.0,פחמימה,לחם שיפון עם חמאה,250,8.0,45.0,10.0,שטראוס,
476.0,פחמימה,מקרוני עם רוטב שמנת,320,8.0,40.0,12.0,אלפרו,
477.0,פחמימה,עוגת גזר עם קרם,350,6.0,50.0,15.0,יטבתה,
478.0,פחמימה,תירס מבושל,96,3.0,21.0,1.0,שטראוס,
479.0,פחמימה,אורז פרסי עם ירקות,120,3.0,24.0,1.0,יטבתה,
480.0,חלבון,פילה דג נסיכה,90,20.0,0.0,2.0,תנובה,
481.0,חלבון,עוף מוקפץ עם ירקות,150,18.0,10.0,5.0,מולר,
482.0,חלבון,גבינת שמנת 9%,200,10.0,2.0,9.0,מולר,
483.0,חלבון,סטייק טלה,300,28.0,0.0,20.0,אלפרו,
484.0,חלבון,שווארמה בקר עם טחינה,220,20.0,5.0,12.0,שטראוס,
485.0,חלבון,קציצות עוף במרק,170,15.0,8.0,6.0,מולר,
486.0,חלבון,טופו מוקפץ עם סויה,140,12.0,10.0,4.0,מולר,
487.0,חלבון,גבינת פרומעז קשה,350,25.0,1.0,27.0,שטראוס,
488.0,חלבון,שיפודי עוף בטעם ברביקיו,180,20.0,5.0,7.0,יטבתה,
489.0,חלבון,מרק עוף עם קוסקוס,120,10.0,12.0,3.0,שטראוס,
490.0,חלבון,כבד עוף מוקפץ,200,22.0,1.0,8.0,יטבתה,
491.0,חלבון,דג בקלה בתנור,100,22.0,0.0,1.0,אלפרו,
492.0,חלבון,גבינת פטה קשה,260,18.0,1.0,20.0,יטבתה,
493.0,חלבון,עוף מוקפץ בקארי,220,20.0,10.0,8.0,שטראוס,
494.0,חלבון,גבינת מוצרלה קשה,300,24.0,1.0,21.0,יטבתה,
495.0,חלבון,פילה דג טונה צרוב,150,30.0,0.0,2.0,יטבתה,
496.0,חלבון,נקניקיות עוף דלות שומן,150,10.0,1.0,7.0,יטבתה,
497.0,חלבון,יוגורט חלב עיזים,80,5.0,6.0,3.0,מולר,לא
498.0,חלבון,סטייק דק עם רוטב שום,250,28.0,0.0,12.0,תנובה,
499.0,חלבון,שניצל חזה עוף ביתי,220,18.0,10.0,9.0,אלפרו,
500.0,שומן,שמן זית בטעם לימון,884,0.0,0.0,100.0,תנובה,
501.0,שומן,ממרח שוקולד ואגוזים,540,7.0,50.0,33.0,יטבתה,
502.0,שומן,קרם קוקוס בטעם וניל,250,3.0,8.0,23.0,מולר,
503.0,שומן,חמאת בוטנים טבעית עם דבש,590,25.0,20.0,50.0,מולר,
504.0,שומן,טחינה מלאה עם עשבי תיבול,630,18.0,16.0,56.0,שטראוס,
505.0,שומן,שוקולד מריר עם שקדים,550,7.0,55.0,35.0,שטראוס,
506.0,שומן,שמן קוקוס מעורב בטעמים,884,0.0,0.0,100.0,שטראוס,
507.0,שומן,גבינת שמנת 30%,345,8.0,3.0,30.0,תנובה,
508.0,שומן,ממרח אגוזי קשיו,600,12.0,16.0,54.0,שטראוס,
509.0,שומן,שמן תירס אורגני,884,0.0,0.0,100.0,שטראוס,
510.0,שומן,חמאת אגוזי פקאן,620,10.0,20.0,50.0,אלפרו,
511.0,שומן,שוקולד לבן עם קרם קוקוס,550,6.0,60.0,33.0,יטבתה,
512.0,שומן,שמן אגוזי לוז בטעם טבעי,884,0.0,0.0,100.0,מולר,
513.0,שומן,טחינה עם דבש וסילאן,620,17.0,20.0,50.0,אלפרו,
514.0,שומן,שמן חריע בטעם זעתר,884,0.0,0.0,100.0,מולר,
515.0,שומן,שמן זית עשיר,884,0.0,0.0,100.0,מולר,
516.0,שומן,ממרח קוקוס ושוקולד מריר,550,5.0,35.0,40.0,מולר,
517.0,שומן,שמן אגוזי מלך אורגני,884,0.0,0.0,100.0,תנובה,
518.0,שומן,קרם קוקוס אורגני בטעם טבעי,200,2.0,5.0,18.0,יטבתה,
519.0,שומן,שמן שומשום קלוי,884,0.0,0.0,100.0,אלפרו,
520.0,פחמימה,בורקס גבינה וזיתים,350,6.0,40.0,18.0,יטבתה,
521.0,פחמימה,מיץ תפוחים סחוט,50,1.0,12.0,0.0,מולר,
522.0,פחמימה,פיתה עם שומשום,260,8.0,50.0,3.0,יטבתה,
523.0,פחמימה,עוגיות חמאה פריכות,500,6.0,60.0,25.0,יטבתה,
524.0,פחמימה,אורז אדום עם ירקות,120,3.0,24.0,1.0,מולר,
525.0,פחמימה,עוגת שוקולד קטנה,380,5.0,50.0,15.0,תנובה,
526.0,פחמימה,תפוחי אדמה מוקפצים,150,2.0,30.0,5.0,יטבתה,
527.0,פחמימה,גרנולה עם שוקולד מריר,450,10.0,60.0,15.0,שטראוס,
528.0,פחמימה,לחם דגנים עם גרעינים,240,10.0,45.0,4.0,אלפרו,
529.0,פחמימה,פריכיות אורז מלא,380,8.0,80.0,2.0,אלפרו,
530.0,פחמימה,שיבולת שועל עם דבש,140,6.0,18.0,3.0,יטבתה,
531.0,פחמימה,עוגת וניל עם קרם,300,5.0,50.0,12.0,יטבתה,
532.0,פחמימה,מקרוני עם רוטב עגבניות,130,4.0,25.0,1.0,שטראוס,
533.0,פחמימה,בורקס תרד,320,6.0,35.0,18.0,אלפרו,
534.0,פחמימה,קרקרים עם עשבי תיבול,400,10.0,60.0,10.0,מולר,
535.0,פחמימה,מיץ גזר טבעי,50,1.0,12.0,0.0,אלפרו,
536.0,פחמימה,עוגיות קינמון,470,7.0,65.0,20.0,אלפרו,
537.0,פחמימה,תפוחי אדמה אפויים בתנור,93,2.0,21.0,0.1,מולר,
538.0,פחמימה,לחם שיפון כהה,220,7.0,45.0,1.0,מולר,
539.0,פחמימה,אורז מלא עם קארי,120,3.0,25.0,1.0,תנובה,
,חלבון,חזה הודו צלוי,150,30.0,0.0,2.0,תנובה,
,חלבון,גבינת חלומי מטוגנת,310,22.0,2.0,24.0,תנובה,
,חלבון,עוף מוקפץ עם ירקות,180,20.0,8.0,5.0,תנובה,
,חלבון,סטייק בקר במלח גס,280,28.0,0.0,18.0,יטבתה,
,חלבון,דג טונה טרי,120,26.0,0.0,2.0,אלפרו,
,חלבון,מרק עדשים כתומות,130,9.0,15.0,3.0,מולר,
,חלבון,פילה דג מקרל צלוי,190,23.0,0.0,10.0,אלפרו,
,חלבון,טופו בטעמים,120,10.0,5.0,4.0,יטבתה,
,חלבון,גבינת ריקוטה דלה,130,12.0,3.0,8.0,מולר,
,חלבון,עוף בגריל עם תבלינים,160,28.0,0.0,4.0,שטראוס,
,שומן,שמן אבוקדו בטעם לימון,884,0.0,0.0,100.0,מולר,
,שומן,שמן שומשום מעושן,884,0.0,0.0,100.0,אלפרו,
,שומן,קרם קוקוס אורגני,250,3.0,10.0,23.0,תנובה,
,שומן,שמן אגוזי לוז אורגני,884,0.0,0.0,100.0,שטראוס,
,שומן,טחינה מתובלת בטעמים,620,15.0,16.0,54.0,יטבתה,
,שומן,שוקולד מריר בטעם פירות יער,560,6.0,50.0,35.0,מולר,
,שומן,ממרח שקדים ודבש,590,10.0,18.0,50.0,מולר,
,שומן,חמאת אגוזים בטעם קינמון,620,12.0,15.0,53.0,אלפרו,
,שומן,שמן זית כתית עם עשבים,884,0.0,0.0,100.0,תנובה,
,שומן,שמן קוקוס טבעי,860,0.0,0.0,100.0,תנובה,
,פחמימה,לחם קל שיפון,190,7.0,40.0,2.0,יטבתה,
,פחמימה,עוגיות שוקולד צ'יפס,480,6.0,60.0,25.0,אלפרו,
,פחמימה,פירה בטטה עם חמאה,110,2.0,20.0,2.0,אלפרו,
,פחמימה,תפוח אדמה אפוי,100,2.0,21.0,0.5,שטראוס,
,פחמימה,מיץ תפוזים טבעי,50,0.0,12.0,0.0,אלפרו,
,פחמימה,עוגת וניל עם קרם,320,5.0,50.0,12.0,תנובה,
,פחמימה,גרנולה עם אגוזים ופירות,450,10.0,65.0,15.0,תנובה,
,פחמימה,פריכיות אורז עם שומשום,380,8.0,80.0,2.0,אלפרו,
,פחמימה,בורקס גבינה ביתי,320,6.0,40.0,18.0,אלפרו,
,פחמימה,פסטה עם רוטב פסטו,150,6.0,28.0,1.0,שטראוס,
,חלבון,סטייק טונה טרי,130,30.0,0.0,1.0,יטבתה,
,חלבון,גבינת פרמזן מגורדת,431,38.0,4.0,29.0,אלפרו,
,חלבון,לבבות עוף מוקפצים,170,25.0,0.0,7.0,תנובה,
,חלבון,כבד עוף עם בצל,200,22.0,5.0,8.0,אלפרו,
,חלבון,מרק שעועית אדומה,130,9.0,15.0,3.0,יטבתה,
,חלבון,יוגורט יווני בטעמים,120,10.0,8.0,5.0,מולר,כן
,חלבון,עוף בגריל בטמפורה,190,28.0,3.0,6.0,מולר,
,חלבון,שניצל דג במרינדה,220,18.0,12.0,10.0,יטבתה,
,חלבון,קציצות בקר עם עשבים,250,20.0,5.0,12.0,תנובה,
,חלבון,פילה דג סול מטוגן,210,23.0,0.0,11.0,שטראוס,
,שומן,ממרח שוקולד כהה,530,8.0,55.0,32.0,יטבתה,
,שומן,טחינה קלויה עם שום,600,15.0,20.0,50.0,אלפרו,
,שומן,שמן אגוזי מקדמיה,884,0.0,0.0,100.0,יטבתה,
,שומן,קרם קוקוס דל שומן,190,2.0,6.0,15.0,תנובה,
,שומן,שוקולד מריר בטעם תפוז,540,7.0,50.0,35.0,תנובה,
,שומן,שמן חמניות כתית,884,0.0,0.0,100.0,שטראוס,
,שומן,חמאת בוטנים אורגנית,600,25.0,15.0,50.0,מולר,
,שומן,שמן שומשום מעודן,884,0.0,0.0,100.0,תנובה,
,שומן,ממרח אגוזי מלך,590,10.0,18.0,50.0,יטבתה,
,שומן,שמן זית אורגני כתית,884,0.0,0.0,100.0,אלפרו,
,פחמימה,לחם כוסמין מלא,210,8.0,40.0,2.0,תנובה,
,פחמימה,עוגת גזר עם אגוזים,350,6.0,50.0,15.0,אלפרו,
,פחמימה,פסטה ברוטב עגבניות,140,6.0,28.0,1.0,יטבתה,
,פחמימה,עוגיות קינמון,450,7.0,65.0,20.0,מולר,
,פחמימה,בורקס תרד עם גבינה,320,6.0,40.0,18.0,מולר,
,פחמימה,פריכיות אורז עם קינמון,380,8.0,80.0,2.0,יטבתה,
,פחמימה,קרקרים מחיטה מלאה,400,10.0,60.0,8.0,מולר,
,פחמימה,גרנולה עם פירות יבשים,450,10.0,65.0,15.0,אלפרו,
,פחמימה,תפוחי אדמה עם שמן זית,150,3.0,20.0,5.0,אלפרו,
,חלבון,סטייק טלה,300,28.0,0.0,20.0,יטבתה,
,חלבון,פילה דג דניס בתנור,150,23.0,0.0,6.0,תנובה,
,חלבון,גבינת צפתית,250,18.0,2.0,16.0,שטראוס,
,חלבון,חזה עוף צלוי עם תבלינים,160,28.0,0.0,4.0,מולר,
,חלבון,שווארמה הודו,190,22.0,1.0,8.0,יטבתה,
,חלבון,יוגורט יווני בטעם תות,120,8.0,12.0,4.0,יטבתה,לא
,חלבון,טופו מוקפץ עם ירקות,140,12.0,8.0,5.0,שטראוס,
,חלבון,כבד עוף עם עשבי תיבול,200,22.0,5.0,8.0,יטבתה,
,חלבון,מרק ירקות עם עדשים,110,9.0,12.0,3.0,שטראוס,
,חלבון,גבינת מוצרלה רכה,250,20.0,1.0,18.0,אלפרו,
,שומן,שמן חריע כתית,884,0.0,0.0,100.0,אלפרו,
,שומן,ממרח אגוזים ושקדים,590,10.0,18.0,50.0,מולר,
,שומן,שוקולד מריר 70%,546,6.0,50.0,36.0,יטבתה,
,שומן,קרם קוקוס בטעם שוקולד,250,2.0,10.0,22.0,מולר,
,שומן,שמן אגוזי לוז טבעי,884,0.0,0.0,100.0,אלפרו,
,שומן,טחינה עם פפריקה,610,15.0,18.0,50.0,יטבתה,
,שומן,שמן קוקוס אורגני,860,0.0,0.0,100.0,תנובה,
,שומן,חמאת אגוזי פקאן,620,12.0,15.0,53.0,תנובה,
,שומן,שמן אבוקדו אורגני,884,0.0,0.0,100.0,יטבתה,
,שומן,שמן חמניות מעודן,884,0.0,0.0,100.0,תנובה,
,פחמימה,לחם שיפון עם חמאה,250,8.0,45.0,10.0,שטראוס,
,פחמימה,פריכיות אורז בטעם קינמון,380,8.0,80.0,2.0,מולר,
,פחמימה,גרנולה עם פירות טריים,450,10.0,65.0,15.0,שטראוס,
,פחמימה,בורקס בטטה עם שומשום,320,6.0,40.0,18.0,אלפרו,
,פחמימה,פסטה ברוטב שמנת,300,8.0,42.0,12.0,שטראוס,
,פחמימה,מיץ תפוזים סחוט טרי,50,0.0,12.0,0.0,אלפרו,
,פחמימה,לחם קל חיטה מלאה,200,8.0,38.0,2.0,שטראוס,
,פחמימה,תפוח אדמה בתנור,150,3.0,20.0,5.0,תנובה,
,חלבון,סטייק בקר צלוי,250,30.0,0.0,10.0,יטבתה,
,חלבון,גבינת חלומי צלויה,320,22.0,2.0,25.0,תנובה,
,חלבון,קציצות עוף עם עשבי תיבול,200,18.0,5.0,8.0,אלפרו,
,חלבון,דג מקרל מעושן,190,21.0,0.0,11.0,תנובה,
,חלבון,יוגורט יווני 3%,120,10.0,6.0,5.0,אלפרו,כן
,חלבון,פילה דג דניס בתנור,160,24.0,0.0,7.0,אלפרו,
,חלבון,כבד עוף עם תבלינים,200,22.0,5.0,8.0,תנובה,
,חלבון,מרק עוף עם ירקות,90,8.0,12.0,3.0,תנובה,
,חלבון,גבינת פטה קשה,260,20.0,2.0,22.0,תנובה,
,חלבון,עוף בקארי עם ירקות,200,20.0,10.0,6.0,שטראוס,
,שומן,שמן שומשום קלוי,884,0.0,0.0,100.0,מולר,
,שומן,טחינה מלאה אורגנית,610,15.0,18.0,55.0,יטבתה,
,שומן,שוקולד מריר בטעם קפה,550,7.0,50.0,35.0,יטבתה,
,שומן,קרם קוקוס בטעם וניל,250,2.0,10.0,22.0,שטראוס,
,שומן,חמאת אגוזי קשיו,600,15.0,18.0,54.0,מולר,
,שומן,שמן חמניות אורגני,884,0.0,0.0,100.0,שטראוס,
,פחמימה,עוגת בננה עם אגוזים,350,6.0,55.0,12.0,אלפרו,
,פחמימה,פריכיות אורז בטעם טבעי,380,8.0,80.0,2.0,תנובה,
,פחמימה,לחם שיפון כהה,220,8.0,45.0,2.0,אלפרו,
,פחמימה,מיץ תפוחים טבעי,50,0.0,12.0,0.0,מולר,
,פחמימה,בורקס גבינה בטעם תרד,320,6.0,40.0,18.0,תנובה,
,פחמימה,פסטה ברוטב פטריות,140,6.0,28.0,1.0,מולר,
,פחמימה,עוגיות חמאה עם שוקולד,480,6.0,60.0,25.0,יטבתה,
,פחמימה,קרקרים עם טעם שיפון,400,10.0,60.0,8.0,יטבתה,
,פחמימה,תפוח אדמה אפוי עם עשבים,150,3.0,20.0,5.0,שטראוס,
,חלבון,סטייק עוף עם עשבי תיבול,180,30.0,1.0,5.0,מולר,
,חלבון,טופו בטעמים טבעיים,120,10.0,6.0,3.0,שטראוס,
,חלבון,מרק עדשים כתומות,110,8.0,15.0,2.0,אלפרו,
,חלבון,גבינת גאודה,356,25.0,2.0,27.0,תנובה,
,חלבון,עוף בתנור עם ירקות,160,25.0,5.0,6.0,שטראוס,
,חלבון,פילה דג בקלה,90,19.0,0.0,1.0,שטראוס,
,חלבון,ביצי שליו מוקפצות,180,14.0,1.0,12.0,אלפרו,
,חלבון,חזה הודו מטוגן קלות,170,30.0,0.0,3.0,שטראוס,
,חלבון,כבד בקר מטוגן,240,28.0,2.0,12.0,תנובה,
,חלבון,מרק עוף עם איטריות,110,8.0,10.0,3.0,אלפרו,
,שומן,שמן קוקוס בטעם טבעי,860,0.0,0.0,100.0,יטבתה,
,שומן,ממרח חמאת בוטנים,600,25.0,20.0,50.0,שטראוס,
,שומן,טחינה בטעם שום,620,15.0,16.0,55.0,מולר,
,שומן,קרם קוקוס בטעם פירות,250,3.0,9.0,22.0,מולר,
,שומן,חמאת שקדים מתובלת,620,12.0,15.0,53.0,תנובה,
,שומן,שוקולד לבן עם קרמל,550,5.0,60.0,33.0,שטראוס,
,שומן,שמן חמניות בטעם עשבים,884,0.0,0.0,100.0,אלפרו,
,שומן,ממרח שוקולד בטעם אגוזים,540,6.0,50.0,35.0,שטראוס,
,שומן,שמן אגוזי לוז,884,0.0,0.0,100.0,יטבתה,
,פחמימה,עוגיות חמאה,500,6.0,60.0,25.0,שטראוס,
,פחמימה,עוגת שוקולד עם אגוזים,350,6.0,55.0,15.0,מולר,
,פחמימה,בורקס בטטה ביתי,320,6.0,40.0,18.0,שטראוס,
,פחמימה,פסטה עם רוטב שמנת,300,8.0,42.0,12.0,אלפרו,
,פחמימה,פריכיות בטעם טבעי,380,8.0,80.0,2.0,תנובה,
,פחמימה,גרנולה בטעם שוקולד,450,10.0,65.0,15.0,תנובה,
,פחמימה,קרקרים עם שומשום,400,10.0,60.0,8.0,מולר,
,פחמימה,מיץ תפוחים טרי,50,0.0,12.0,0.0,אלפרו,
,פחמימה,תפוחי אדמה בתנור,150,3.0,20.0,5.0,תנובה,
,חלבון,חזה עוף עם טימין,160,28.0,0.0,5.0,תנובה,
,חלבון,פילה דג סלמון בתיבול לימון,210,25.0,0.0,12.0,מולר,
,חלבון,טופו מוקפץ עם ג'ינג'ר,140,12.0,8.0,6.0,תנובה,
,חלבון,ביצי שליו מטוגנות,170,14.0,1.0,11.0,שטראוס,
,חלבון,כבד הודו בתנור,180,26.0,2.0,7.0,מולר,
,חלבון,יוגורט עיזים עם דבש,150,7.0,15.0,4.0,יטבתה,לא
,חלבון,מרק עדשים ירוקות,120,10.0,16.0,3.0,מולר,
,חלבון,סטייק בקר בעשבי תיבול,280,30.0,0.0,18.0,שטראוס,
,חלבון,גבינת פטה 9%,150,10.0,2.0,9.0,אלפרו,
,שומן,ממרח אגוזים בטעם וניל,600,10.0,18.0,52.0,יטבתה,
,שומן,שמן אבוקדו בטעם שום,884,0.0,0.0,100.0,שטראוס,
,שומן,חמאת אגוזים בטעם דבש,620,15.0,18.0,55.0,שטראוס,
,שומן,קרם קוקוס אורגני,250,3.0,9.0,22.0,תנובה,
,שומן,שוקולד חלב בטעם אגוזים,560,7.0,55.0,35.0,אלפרו,
,שומן,טחינה מלאה בתוספת עשבי תיבול,600,15.0,16.0,53.0,יטבתה,
,שומן,שמן שומשום אורגני,884,0.0,0.0,100.0,תנובה,
,שומן,שוקולד מריר עם קינמון,540,6.0,50.0,35.0,מולר,
,שומן,שמן אגוזי לוז בטעם טבעי,884,0.0,0.0,100.0,יטבתה,
,שומן,שמן קוקוס מעורב,860,0.0,0.0,100.0,שטראוס,
,פחמימה,עוגת גזר עם קרם,350,6.0,50.0,15.0,יטבתה,
,פחמימה,פסטה עם עגבניות טריות,150,6.0,28.0,1.0,שטראוס,
,פחמימה,גרנולה עם שוקולד מריר,450,10.0,65.0,15.0,מולר,
,פחמימה,לחם מחיטה מלאה,210,8.0,40.0,2.0,שטראוס,
,פחמימה,עוגיות וניל בטעם טבעי,450,7.0,65.0,18.0,מולר,
,פחמימה,תפוחי אדמה בתיבול פפריקה,150,3.0,22.0,4.0,מולר,
,פחמימה,עוגיות קינמון עם שוקולד,480,6.0,60.0,25.0,יטבתה,
,פחמימה,בורקס גבינה וחצילים,320,6.0,40.0,18.0,יטבתה,
,פחמימה,מיץ רימונים טרי,60,0.0,15.0,0.0,שטראוס,
,חלבון,חזה עוף בתנור,160,28.0,0.0,5.0,שטראוס,
,חלבון,יוגורט דל שומן בטעם וניל,80,5.0,12.0,1.0,יטבתה,לא
,חלבון,ביצה קשה גדולה,78,6.3,0.6,5.3,אלפרו,
,חלבון,מרק עדשים ירוקות,115,9.0,18.0,1.5,מולר,
,חלבון,פילה דג דניס צלוי,150,22.0,0.0,7.0,תנובה,
,חלבון,גבינת מוצרלה פרסקה,280,20.0,1.0,22.0,מולר,
,חלבון,טופו עם רוטב סויה,120,10.0,6.0,3.0,אלפרו,
,חלבון,קציצות עוף עם ירקות,190,18.0,5.0,8.0,יטבתה,
,חלבון,סטייק טונה עם עשבי תיבול,140,28.0,0.0,2.0,תנובה,
,חלבון,כבד עוף מוקפץ עם בצל,200,22.0,5.0,8.0,שטראוס,
,שומן,שמן קנולה אורגני,884,0.0,0.0,100.0,תנובה,
,שומן,שמן אבוקדו בטעם בזיליקום,884,0.0,0.0,100.0,שטראוס,
,שומן,טחינה עם לימון שום,610,15.0,14.0,54.0,יטבתה,
,שומן,שוקולד מריר עם נענע,540,6.0,50.0,35.0,שטראוס,
,שומן,חמאת קוקוס בטעם קינמון,620,10.0,12.0,52.0,יטבתה,
,שומן,ממרח אגוזים עם דבש,600,12.0,18.0,55.0,אלפרו,
,שומן,שמן זית בטעם עשבים,884,0.0,0.0,100.0,יטבתה,
,שומן,קרם קוקוס בטעם קרמל,240,3.0,9.0,21.0,מולר,
,שומן,חמאת אגוזים בטעם וניל,590,10.0,20.0,52.0,תנובה,
,פחמימה,לחם כוסמין עם גרעינים,200,8.0,40.0,2.0,תנובה,
,פחמימה,עוגיות קינמון ביתיות,450,7.0,60.0,20.0,מולר,
,פחמימה,פריכיות אורז בטעם וניל,380,8.0,80.0,1.0,תנובה,
,פחמימה,בורקס גבינה וזיתים,320,6.0,38.0,15.0,אלפרו,
,פחמימה,עוגת שוקולד חמה,350,5.0,55.0,12.0,אלפרו,
,פחמימה,פסטה פרפלה עם ירקות,140,5.0,30.0,1.0,תנובה,
,פחמימה,קרקרים דקים עם עשבי תיבול,400,10.0,65.0,8.0,אלפרו,
,פחמימה,מיץ תפוזים סחוט טבעי,50,0.0,12.0,0.0,יטבתה,
,פחמימה,גרנולה בטעם תפוחים,440,10.0,60.0,15.0,שטראוס,
,פחמימה,תפוח אדמה צלוי,150,3.0,20.0,5.0,תנובה,
,חלבון,סטייק עוף עם שום,170,31.0,0.0,3.0,תנובה,
,חלבון,פילה דג מקרל,200,22.0,0.0,12.0,שטראוס,
,חלבון,גבינת קשקבל,390,25.0,1.0,32.0,תנובה,
,חלבון,קציצות בשר הודו,190,20.0,2.0,10.0,שטראוס,
,חלבון,יוגורט טבעי 1.5%,65,5.0,4.0,2.0,מולר,כן
,חלבון,חזה הודו בתיבול,180,30.0,0.0,3.0,תנובה,
,חלבון,מרק עדשים כתומות,120,9.0,15.0,3.0,אלפרו,
,חלבון,גבינת פרמזן,430,38.0,4.0,28.0,מולר,
,חלבון,כבד עוף מוקפץ,200,22.0,6.0,9.0,אלפרו,
,חלבון,פילה דג סלמון מעושן,200,25.0,0.0,12.0,אלפרו,
,שומן,שמן זית בטעם רוזמרין,884,0.0,0.0,100.0,שטראוס,
,שומן,טחינה מלאה עם בזיליקום,610,15.0,16.0,55.0,תנובה,
,שומן,קרם קוקוס בטעם אננס,250,2.0,8.0,23.0,תנובה,
,שומן,שמן אבוקדו כתית,884,0.0,0.0,100.0,אלפרו,
,שומן,שוקולד מריר עם פירות,550,6.0,55.0,35.0,מולר,
,שומן,שמן אגוזי מלך,884,0.0,0.0,100.0,יטבתה,
,שומן,ממרח שקדים מתובל,590,10.0,20.0,50.0,מולר,
,שומן,חמאת אגוזים טבעית,620,12.0,15.0,53.0,יטבתה,
,שומן,שמן שומשום בטעם ג'ינג'ר,884,0.0,0.0,100.0,שטראוס,
,פחמימה,עוגיות חמאה בטעם וניל,480,6.0,60.0,25.0,יטבתה,
,פחמימה,לחם קל שיפון,200,8.0,38.0,2.0,שטראוס,
,פחמימה,תפוח אדמה עם רוזמרין,150,3.0,22.0,4.0,אלפרו,
,פחמימה,פסטה עם רוטב שום,150,6.0,28.0,1.0,אלפרו,
,פחמימה,קרקרים מחיטה מלאה,400,10.0,65.0,8.0,שטראוס,
,פחמימה,גרנולה עם אגוזים,450,10.0,65.0,15.0,שטראוס,
,פחמימה,בורקס עם תרד,320,6.0,40.0,18.0,אלפרו,
,פחמימה,עוגת תפוחים,280,5.0,45.0,10.0,תנובה,
,פחמימה,מיץ מנגו טבעי,60,0.0,15.0,0.0,תנובה,
,פחמימה,פריכיות אורז עם קינמון,380,8.0,80.0,1.0,מולר,
,חלבון,סטייק דג סלמון,210,25.0,0.0,12.0,תנובה,
,חלבון,פילה דג טונה,120,28.0,0.0,1.0,מולר,
,חלבון,חזה עוף במרינדה,170,31.0,0.0,4.0,מולר,
,חלבון,גבינת צפתית דלת שומן,200,18.0,2.0,10.0,שטראוס,
,חלבון,קציצות בקר עם אורז,190,20.0,5.0,8.0,שטראוס,
,חלבון,כבד בקר בתיבול,220,26.0,2.0,10.0,שטראוס,
,חלבון,יוגורט בטעם דבש,100,8.0,15.0,2.0,אלפרו,לא
,חלבון,מרק שעועית לבנה,110,7.0,18.0,1.0,אלפרו,
,חלבון,טופו מוקפץ עם ירקות,140,12.0,10.0,5.0,אלפרו,
,חלבון,שווארמה הודו עם תבלינים,200,22.0,1.0,8.0,מולר,
,חלבון,פילה דג מקרל עם לימון,190,23.0,0.0,11.0,אלפרו,
,חלבון,גבינת חלומי אפויה,320,22.0,1.0,25.0,אלפרו,
,חלבון,חזה הודו צלוי,180,30.0,0.0,3.0,אלפרו,
,חלבון,עוף בגריל עם רוטב ברביקיו,160,28.0,2.0,4.0,מולר,
,חלבון,גבינת מוצרלה מעושנת,290,25.0,1.0,21.0,אלפרו,
,חלבון,שניצל עוף פריך,210,20.0,10.0,8.0,תנובה,
,חלבון,ביצי עין על טוסט,150,12.0,6.0,8.0,תנובה,
,חלבון,סטייק טלה,300,30.0,0.0,20.0,תנובה,
,חלבון,מרק עדשים עם גזר,110,9.0,15.0,1.0,אלפרו,
,חלבון,יוגורט יווני 5%,120,10.0,5.0,5.0,תנובה,לא
,שומן,שמן זית כתית מעולה,884,0.0,0.0,100.0,מולר,
,שומן,חמאת בוטנים טבעית,590,25.0,20.0,50.0,שטראוס,
,שומן,קרם קוקוס דל שומן,180,3.0,5.0,17.0,תנובה,
,שומן,ממרח שקדים אורגני,620,12.0,16.0,56.0,תנובה,
,שומן,שמן אגוזי לוז בטעם וניל,884,0.0,0.0,100.0,אלפרו,
,שומן,שוקולד מריר עם מלח ים,560,6.0,50.0,35.0,אלפרו,
,שומן,טחינה בטעם צ'ילי,600,15.0,15.0,53.0,שטראוס,
,שומן,שמן אבוקדו עם שום,884,0.0,0.0,100.0,אלפרו,
,שומן,ממרח אגוזים עם קינמון,610,10.0,18.0,50.0,יטבתה,
,שומן,חמאה אורגנית,717,1.0,1.0,81.0,אלפרו,
,שומן,שוקולד חלב בטעם קרמל,550,5.0,60.0,33.0,תנובה,
,שומן,טחינה ירוקה,600,15.0,15.0,54.0,יטבתה,
,שומן,קרם קוקוס בטעם טבעי,200,2.0,7.0,17.0,תנובה,
,שומן,ממרח שוקולד בטעם דובדבן,540,6.0,52.0,32.0,תנובה,
,שומן,שמן אבוקדו אורגני בטעם לימון,884,0.0,0.0,100.0,יטבתה,
,שומן,שוקולד לבן עם אגוזי מלך,560,5.0,55.0,34.0,שטראוס,
,פחמימה,פסטה עם רוטב שמנת,300,8.0,45.0,12.0,אלפרו,
,פחמימה,תפוח אדמה אפוי עם חמאה,150,3.0,20.0,5.0,אלפרו,
,פחמימה,עוגת וניל עם קרם פירות יער,350,6.0,60.0,15.0,תנובה,
,פחמימה,פריכיות אורז בטעם פירות יער,380,8.0,78.0,2.0,מולר,
,פחמימה,לחם קל עם שיבולת שועל,200,8.0,38.0,2.0,אלפרו,
,פחמימה,בורקס בטטה,320,6.0,40.0,18.0,יטבתה,
,פחמימה,גרנולה עם שוקולד מריר,440,10.0,65.0,15.0,שטראוס,
,פחמימה,קרקרים בטעם שום,400,10.0,60.0,8.0,מולר,
,פחמימה,לחם כוסמין מלא,210,8.0,42.0,2.0,יטבתה,
,פחמימה,עוגת תפוחים עם קינמון,280,5.0,48.0,10.0,מולר,
,פחמימה,פנקייק עם סירופ מייפל,270,6.0,50.0,8.0,מולר,
,פחמימה,עוגת גזר עם קרם,350,6.0,55.0,15.0,יטבתה,
,פחמימה,בורקס גבינה בטעם פטריות,330,7.0,42.0,18.0,מולר,
,פחמימה,קרקרים דקים מחיטה מלאה,390,10.0,58.0,6.0,שטראוס,
,פחמימה,עוגיות וניל עם ציפוי שוקולד,480,6.0,62.0,25.0,מולר,
,פחמימה,פסטה עם ירקות מוקפצים,140,5.0,28.0,1.0,יטבתה,
,פחמימה,לחם שיפון כהה עם חמאה,220,8.0,45.0,10.0,שטראוס,
,חלבון,סטייק טונה עם תבלינים,130,30.0,0.0,2.0,תנובה,
,חלבון,גבינת ריקוטה 9%,150,12.0,3.0,9.0,מולר,
,חלבון,חזה עוף עם עשבי תיבול,160,29.0,0.0,5.0,אלפרו,
,חלבון,מרק שעועית עם ירקות,110,8.0,18.0,1.0,מולר,
,חלבון,יוגורט עיזים בטעם דבש,130,7.0,15.0,4.0,מולר,לא
,חלבון,קציצות הודו עם בצל,190,20.0,3.0,8.0,תנובה,
,חלבון,פילה דג סול,140,22.0,0.0,6.0,מולר,
,חלבון,גבינת חלומי בטעם טבעי,310,22.0,1.0,24.0,אלפרו,
,חלבון,חזה הודו בתיבול שום,180,31.0,0.0,4.0,תנובה,
,חלבון,פילה דג סלמון צלוי,210,25.0,0.0,12.0,יטבתה,
,חלבון,מרק עדשים ירוקות עם עגבניות,120,9.0,16.0,2.0,יטבתה,
,חלבון,כבד בקר מוקפץ עם ירקות,230,27.0,2.0,10.0,יטבתה,
,חלבון,גבינת מוצרלה טרייה,260,20.0,2.0,18.0,שטראוס,
,חלבון,ביצי עין על טוסט מחיטה מלאה,180,14.0,10.0,7.0,תנובה,
,חלבון,סטייק בקר עם תיבול פיקנטי,280,29.0,0.0,18.0,אלפרו,
,חלבון,יוגורט יווני 7%,140,10.0,6.0,7.0,תנובה,לא
,חלבון,טופו בטעם עשבי תיבול,140,12.0,8.0,5.0,תנובה,
,חלבון,פילה דג טונה בתנור,120,26.0,0.0,2.0,אלפרו,
,חלבון,מרק ירקות עם עדשים,110,9.0,14.0,2.0,מולר,
,שומן,שמן אבוקדו בטעם פלפל חריף,884,0.0,0.0,100.0,שטראוס,
,שומן,טחינה בטעם שום ועשבי תיבול,620,15.0,14.0,54.0,שטראוס,
,שומן,שוקולד מריר עם פיסטוק,540,6.0,50.0,35.0,יטבתה,
,שומן,ממרח אגוזים עם וניל,590,10.0,16.0,50.0,מולר,
,שומן,קרם קוקוס עם טעם אגוזים,250,3.0,9.0,22.0,אלפרו,
,שומן,שוקולד לבן עם שקדים,560,6.0,55.0,35.0,מולר,
,שומן,חמאת אגוזי קשיו,620,12.0,18.0,54.0,יטבתה,
,שומן,שמן שומשום כתית מעולה,884,0.0,0.0,100.0,אלפרו,
,שומן,שמן זית בטעם עשבי תיבול,884,0.0,0.0,100.0,אלפרו,
,שומן,שוקולד חלב בטעם אגוזים,550,5.0,60.0,32.0,יטבתה,
,שומן,ממרח שקדים עם קינמון,610,10.0,18.0,53.0,אלפרו,
,שומן,חמאה אורגנית בטעם שום,720,1.0,1.0,80.0,מולר,
,שומן,ממרח שוקולד עם תותים,540,6.0,52.0,31.0,תנובה,
,שומן,קרם קוקוס בטעם שוקולד,260,2.0,8.0,23.0,שטראוס,
,שומן,שמן חריע בטעם טבעי,884,0.0,0.0,100.0,אלפרו,
,שומן,טחינה עם טחינה שחורה,600,15.0,16.0,55.0,אלפרו,
,שומן,שוקולד מריר 85% בטעם פירות יער,570,6.0,52.0,36.0,שטראוס,
,פחמימה,עוגת גבינה בטעם וניל,360,6.0,55.0,15.0,יטבתה,
,פחמימה,פריכיות אורז בטעם קרמל,380,8.0,80.0,2.0,אלפרו,
,פחמימה,לחם מחיטה מלאה עם זרעי פשתן,200,8.0,38.0,3.0,אלפרו,
,פחמימה,עוגיות חמאה בטעם טבעי,470,6.0,60.0,24.0,מולר,
,פחמימה,פסטה עם רוטב עגבניות טרי,150,6.0,28.0,1.0,מולר,
,פחמימה,גרנולה בטעם קינמון,450,10.0,65.0,14.0,שטראוס,
,פחמימה,בורקס גבינה וזיתים,320,6.0,40.0,18.0,מולר,
,פחמימה,מיץ רימונים סחוט טרי,60,0.0,15.0,0.0,שטראוס,
,פחמימה,עוגת שוקולד עם קצפת,380,6.0,58.0,20.0,תנובה,
,פחמימה,תפוח אדמה בתנור עם רוזמרין,150,3.0,20.0,5.0,יטבתה,
,פחמימה,קרקרים עם טעם זיתים,410,10.0,62.0,8.0,תנובה,
,פחמימה,עוגת בננה עם אגוזים,360,5.0,55.0,15.0,יטבתה,
,פחמימה,פריכיות בטעם תותים,380,8.0,78.0,2.0,יטבתה,
,פחמימה,פסטה ברוטב שמנת ופטריות,310,8.0,45.0,12.0,מולר,
,פחמימה,עוגיות קינמון עם שוקולד מריר,490,6.0,60.0,26.0,יטבתה,
,פחמימה,מיץ תפוזים טבעי סחוט,50,0.0,12.0,0.0,אלפרו,
,חלבון,שניצל עוף עם ציפוי פריך,220,22.0,10.0,8.0,תנובה,
,חלבון,סטייק בקר עם פלפל שחור,280,29.0,0.0,18.0,אלפרו,
,חלבון,יוגורט בטעם תות,120,8.0,15.0,3.0,יטבתה,לא
,חלבון,חזה עוף במרינדה ביתית,170,30.0,1.0,4.0,יטבתה,
,חלבון,פילה דג סלמון בתיבול עשבים,210,25.0,0.0,12.0,אלפרו,
,חלבון,מרק עדשים עם כוסברה,115,8.0,17.0,2.0,שטראוס,
,חלבון,כבד עוף עם בצל מטוגן,230,25.0,6.0,9.0,תנובה,
,חלבון,גבינת מוצרלה מעושנת,270,23.0,2.0,21.0,תנובה,
,חלבון,פילה דג דניס בגריל,150,22.0,0.0,6.0,תנובה,
,חלבון,טופו עם ירקות מוקפצים,130,10.0,8.0,4.0,אלפרו,
,חלבון,יוגורט יווני 2%,73,6.0,4.0,2.0,שטראוס,כן
,חלבון,קציצות בקר בתיבול אורגני,250,20.0,3.0,10.0,שטראוס,
,חלבון,סטייק טלה עם רוטב פסטו,290,28.0,0.0,20.0,מולר,
,חלבון,פילה דג מקרל עם עשבי תיבול,190,23.0,0.0,11.0,מולר,
,חלבון,עוף צלוי עם רוטב חמוץ מתוק,160,28.0,2.0,4.0,שטראוס,
,חלבון,טופו אפוי בטעם חריף,140,12.0,6.0,5.0,שטראוס,
,חלבון,מרק שעועית לבנה עם ירקות,110,8.0,15.0,1.0,יטבתה,
,חלבון,גבינת חלומי על הגריל,320,22.0,1.0,25.0,יטבתה,
,חלבון,פילה דג סול בטיגון קל,140,22.0,0.0,6.0,שטראוס,
,שומן,שמן זית בטעם שום ועשבי תיבול,884,0.0,0.0,100.0,מולר,
,שומן,קרם קוקוס אורגני,250,2.0,8.0,23.0,שטראוס,
,שומן,שוקולד מריר 70% בטעם דבש,540,6.0,50.0,35.0,יטבתה,
,שומן,ממרח אגוזים טבעי עם קינמון,590,10.0,16.0,50.0,אלפרו,
,שומן,שמן שומשום בטעם בזיליקום,884,0.0,0.0,100.0,יטבתה,
,שומן,חמאת אגוזי פקאן,620,12.0,18.0,55.0,יטבתה,
,שומן,שוקולד חלב בטעם תפוז,550,5.0,60.0,33.0,יטבתה,
,שומן,שמן קוקוס עם טעם טבעי,860,0.0,0.0,100.0,שטראוס,
,שומן,טחינה מלאה עם שומשום קלוי,600,15.0,14.0,55.0,אלפרו,
,שומן,שוקולד מריר בטעם קפה,540,7.0,52.0,36.0,יטבתה,
,שומן,שמן אבוקדו כתית בטעם חרדל,884,0.0,0.0,100.0,מולר,
,שומן,חמאה בטעם שום טבעי,720,1.0,0.0,80.0,שטראוס,
,שומן,ממרח שוקולד מריר עם פירות,540,6.0,52.0,31.0,מולר,
,שומן,קרם קוקוס בטעם שוקולד כהה,260,2.0,8.0,23.0,שטראוס,
,שומן,שמן אגוזי מקדמיה אורגני,884,0.0,0.0,100.0,שטראוס,
,שומן,ממרח שקדים טבעי,610,10.0,18.0,53.0,תנובה,
,שומן,שוקולד מריר בטעם פירות אדומים,570,6.0,52.0,35.0,אלפרו,
,שומן,שמן קוקוס עם טעם אגוזי,860,0.0,0.0,100.0,שטראוס,
,פחמימה,עוגת גזר עם קרם גבינה,360,6.0,55.0,15.0,תנובה,
,פחמימה,לחם שיפון כהה,200,8.0,38.0,2.0,אלפרו,
,פחמימה,פסטה ברוטב שמנת פטריות,300,8.0,42.0,12.0,אלפרו,
,פחמימה,עוגיות שוקולד צ'יפס פריכות,480,6.0,60.0,25.0,תנובה,
,פחמימה,בורקס גבינה ועשבי תיבול,320,6.0,40.0,18.0,יטבתה,
,פחמימה,מיץ תפוחים סחוט טרי,50,0.0,12.0,0.0,תנובה,
,פחמימה,עוגת שוקולד עם קצפת וניל,380,6.0,58.0,20.0,אלפרו,
,פחמימה,לחם כוסמין עם גרעינים,210,8.0,42.0,2.0,תנובה,
,פחמימה,פנקייק עם סירופ מייפל,280,6.0,55.0,10.0,אלפרו,
,פחמימה,עוגת בננה עם אגוזים,350,6.0,52.0,15.0,תנובה,
,פחמימה,מיץ רימונים סחוט,60,0.0,15.0,0.0,אלפרו,
,פחמימה,פריכיות אורז בטעם וניל,380,8.0,78.0,1.0,מולר,
,פחמימה,קרקרים מחיטה מלאה,410,10.0,65.0,7.0,יטבתה,
,פחמימה,עוגת תפוחים עם קינמון,280,5.0,50.0,12.0,יטבתה,
,פחמימה,עוגת גבינה בטעם וניל,370,6.0,55.0,15.0,מולר,
,פחמימה,פסטה עם ירקות מוקפצים,150,5.0,28.0,1.0,שטראוס,
,פחמימה,לחם קל בטעם דגנים,220,7.0,40.0,2.0,יטבתה,
,פחמימה,עוגיות חמאה עם שוקולד לבן,470,6.0,60.0,24.0,יטבתה,
,פחמימה,בורקס תרד וגבינה,330,7.0,42.0,18.0,מולר,
,חלבון,סטייק בקר עם עשבי תיבול,280,29.0,0.0,18.0,יטבתה,
,חלבון,חזה עוף צלוי,170,31.0,1.0,4.0,אלפרו,
,חלבון,יוגורט יווני 10%,120,10.0,5.0,10.0,תנובה,לא
,חלבון,פילה דג דניס בתנור,150,22.0,0.0,6.0,יטבתה,
,חלבון,כבד בקר עם ירקות מוקפצים,240,28.0,2.0,12.0,תנובה,
,חלבון,מרק עדשים כתומות,120,9.0,15.0,2.0,שטראוס,
,חלבון,טופו בטעם ג'ינג'ר,140,12.0,7.0,5.0,יטבתה,
,חלבון,גבינת מוצרלה רכה,270,23.0,1.0,21.0,אלפרו,
,חלבון,ביצים מקושקשות עם ירקות,150,12.0,4.0,9.0,שטראוס,
,חלבון,שניצל עוף ביתי,220,22.0,10.0,8.0,שטראוס,
,חלבון,יוגורט עיזים טבעי,90,7.0,4.0,5.0,אלפרו,לא
,חלבון,סטייק טלה עם לימון,300,28.0,0.0,20.0,תנובה,
,חלבון,פילה דג מקרל בטיגון קל,190,23.0,0.0,11.0,שטראוס,
,חלבון,חזה הודו אפוי עם פפריקה,180,30.0,0.0,3.0,מולר,
,חלבון,מרק שעועית עם ירקות שורש,110,8.0,15.0,1.0,תנובה,
,חלבון,פילה דג סלמון ברוטב שום,210,25.0,0.0,12.0,שטראוס,
,חלבון,עוף מוקפץ בטעם אסייתי,160,28.0,3.0,4.0,שטראוס,
,חלבון,טופו מוקפץ עם ירקות שורש,130,10.0,8.0,4.0,מולר,
,שומן,שוקולד מריר 70%,540,6.0,50.0,35.0,תנובה,
,שומן,חמאת בוטנים בטעם דבש,590,25.0,20.0,50.0,יטבתה,
,שומן,קרם קוקוס בטעם טבעי,250,2.0,8.0,23.0,יטבתה,
,שומן,שמן אגוזי מלך אורגני,884,0.0,0.0,100.0,תנובה,
,שומן,שמן שומשום עם ג'ינג'ר,884,0.0,0.0,100.0,אלפרו,
,שומן,שוקולד לבן עם שקדים,560,5.0,55.0,34.0,יטבתה,
,שומן,ממרח אגוזי לוז בטעם וניל,590,10.0,18.0,52.0,מולר,
,שומן,שוקולד מריר בטעם נענע,540,6.0,50.0,35.0,יטבתה,
,שומן,קרם קוקוס עם טעם אגוזים,240,3.0,9.0,22.0,אלפרו,
,שומן,ממרח שוקולד עם אגוזים,540,6.0,52.0,31.0,יטבתה,
,שומן,טחינה ירוקה,610,15.0,14.0,55.0,שטראוס,
,שומן,חמאת אגוזי קשיו,620,12.0,15.0,54.0,תנובה,
,שומן,שמן זית בטעם בזיליקום,884,0.0,0.0,100.0,אלפרו,
,פחמימה,עוגת שוקולד עם קרם,380,6.0,58.0,20.0,מולר,
,פחמימה,פריכיות אורז בטעם שוקולד,380,8.0,78.0,2.0,שטראוס,
,פחמימה,לחם קל עם זרעי חמניות,200,8.0,38.0,3.0,מולר,
,פחמימה,עוגיות חמאה עם שוקולד מריר,480,6.0,60.0,25.0,שטראוס,
,פחמימה,גרנולה בטעם פירות יבשים,450,10.0,65.0,15.0,תנובה,
,פחמימה,עוגת תפוחים בטעם קינמון,280,5.0,50.0,12.0,תנובה,
,פחמימה,עוגת גבינה עם קרם וניל,370,6.0,55.0,15.0,מולר,
,פחמימה,בורקס גבינה וזיתים,330,7.0,42.0,18.0,תנובה,
,פחמימה,לחם שיפון עם גרעינים,220,7.0,40.0,2.0,מולר,
,פחמימה,מיץ תפוזים טרי,50,0.0,12.0,0.0,מולר,
,פחמימה,עוגיות וניל עם שוקולד,490,6.0,60.0,26.0,תנובה,
,פחמימה,לחם כוסמין עם שיבולת שועל,210,8.0,42.0,2.0,יטבתה,
,פחמימה,עוגיות חמאה עם פירות יבשים,470,6.0,60.0,24.0,אלפרו,
,חלבון,פילה דג סלמון בטיגון קל,210,25.0,0.0,12.0,יטבתה,
,חלבון,סטייק עוף בתיבול שום,170,30.0,0.0,4.0,יטבתה,
,חלבון,יוגורט יווני בטעם תות,120,10.0,14.0,5.0,תנובה,כן
,חלבון,חזה הודו בתנור,180,31.0,0.0,3.0,שטראוס,
,חלבון,מרק עדשים עם תבלינים,110,8.0,16.0,2.0,שטראוס,
,חלבון,טופו מוקפץ עם ג'ינג'ר,140,12.0,8.0,5.0,תנובה,
,חלבון,פילה דג בקלה בתנור,140,21.0,0.0,3.0,שטראוס,
,חלבון,עוף צלוי עם תיבול עדין,160,28.0,2.0,4.0,שטראוס,
,חלבון,גבינת מוצרלה טרייה,270,23.0,1.0,20.0,תנובה,
,חלבון,פילה דג מקרל מטוגן,190,23.0,0.0,11.0,מולר,
,חלבון,גבינת חלומי קלויה,310,22.0,1.0,25.0,אלפרו,
,חלבון,סטייק טלה עם תבלינים,300,29.0,0.0,20.0,שטראוס,
,חלבון,מרק שעועית אדומה,120,9.0,18.0,2.0,מולר,
,חלבון,יוגורט עיזים בטעם טבעי,90,7.0,4.0,5.0,אלפרו,כן
,חלבון,פילה דג דניס צלוי,150,22.0,0.0,6.0,מולר,
,חלבון,כבד בקר עם עשבי תיבול,230,28.0,2.0,12.0,מולר,
,חלבון,טופו בטעם פיקנטי,140,12.0,6.0,5.0,אלפרו,
,חלבון,קציצות בקר ברוטב עגבניות,210,20.0,5.0,9.0,שטראוס,
,חלבון,פילה דג סול מטוגן,140,22.0,0.0,6.0,תנובה,
,חלבון,ביצה קשה עם ירקות,80,6.0,1.0,5.0,אלפרו,
,שומן,שוקולד מריר עם אגוזי לוז,540,7.0,52.0,35.0,יטבתה,
,שומן,קרם קוקוס אורגני,240,3.0,9.0,23.0,אלפרו,
,שומן,ממרח אגוזים בטעם דבש,600,12.0,20.0,50.0,מולר,
,שומן,שוקולד חלב בטעם פירות יער,550,6.0,55.0,34.0,אלפרו,
,שומן,חמאת בוטנים אורגנית,590,25.0,20.0,50.0,מולר,
,שומן,שוקולד לבן עם אגוזי קשיו,560,5.0,55.0,34.0,מולר,
,שומן,ממרח שקדים בטעם וניל,620,10.0,18.0,54.0,אלפרו,
,שומן,ממרח שוקולד עם שקדים,540,6.0,52.0,32.0,יטבתה,
,שומן,קרם קוקוס עם טעם טבעי,250,2.0,8.0,22.0,תנובה,
,שומן,שוקולד מריר בטעם דבש,550,6.0,50.0,35.0,יטבתה,
,שומן,חמאת אגוזי מלך,620,12.0,15.0,53.0,תנובה,
,שומן,שמן שומשום עם עשבי תיבול,884,0.0,0.0,100.0,יטבתה,
,שומן,ממרח אגוזים בטעם פירות יער,600,12.0,20.0,52.0,תנובה,
,פחמימה,לחם קל עם גרעיני חמניות,200,8.0,38.0,3.0,יטבתה,
,פחמימה,פריכיות בטעם טבעי,380,8.0,80.0,1.0,תנובה,
,פחמימה,גרנולה בטעם וניל,450,10.0,65.0,15.0,יטבתה,
,פחמימה,עוגת שוקולד עם קרם וניל,380,6.0,58.0,20.0,מולר,
,פחמימה,קרקרים בטעם בזיליקום,410,10.0,62.0,8.0,שטראוס,
,פחמימה,פנקייק עם סירופ שוקולד,280,6.0,55.0,10.0,אלפרו,
,פחמימה,עוגיות חמאה בטעם פירות יער,470,6.0,60.0,24.0,אלפרו,
,פחמימה,פריכיות אורז עם קינמון,380,8.0,78.0,2.0,שטראוס,
,פחמימה,בורקס עם זיתים,320,6.0,40.0,18.0,מולר,
,פחמימה,לחם עם גרעיני כוסמין,200,8.0,40.0,3.0,מולר,
,חלבון,פילה דג סלמון בתנור,210,25.0,0.0,12.0,תנובה,
,חלבון,יוגורט יווני בטעם טבעי,100,8.0,4.0,5.0,אלפרו,כן
,חלבון,מרק שעועית ירוקה,115,7.0,18.0,2.0,אלפרו,
,חלבון,טופו בטעם אסייתי,130,11.0,7.0,5.0,יטבתה,
,חלבון,גבינת חלומי צלויה,320,22.0,1.0,24.0,יטבתה,
,חלבון,קציצות בקר עם ירקות,210,20.0,5.0,9.0,שטראוס,
,חלבון,יוגורט בטעם דבש,120,10.0,15.0,4.0,יטבתה,לא
,חלבון,סטייק טלה בתיבול חרדל,290,29.0,0.0,20.0,יטבתה,
,חלבון,פילה דג בקלה עם לימון,150,21.0,0.0,2.0,שטראוס,
,חלבון,מרק עדשים ירוקות,120,9.0,16.0,2.0,יטבתה,
,חלבון,חזה עוף במרינדה,170,30.0,0.0,4.0,אלפרו,
,שומן,טחינה עם שומשום קלוי,620,15.0,14.0,55.0,מולר,
,שומן,שמן קוקוס בטעם אגוזים,860,0.0,0.0,100.0,אלפרו,
,שומן,שוקולד מריר 85%,570,6.0,52.0,36.0,תנובה,
,שומן,חמאת אגוזי פקאן,620,12.0,18.0,54.0,תנובה,
,שומן,ממרח שוקולד עם תותים,540,6.0,52.0,32.0,שטראוס,
,שומן,קרם קוקוס בטעם שוקולד,250,2.0,8.0,23.0,מולר,
,שומן,שמן שומשום בטעם שום,884,0.0,0.0,100.0,אלפרו,
,שומן,שוקולד לבן עם אגוזי לוז,560,5.0,55.0,34.0,שטראוס,
,שומן,ממרח אגוזים בטעם וניל,590,10.0,18.0,52.0,יטבתה,
,שומן,שמן אבוקדו עם בזיליקום,884,0.0,0.0,100.0,אלפרו,
,שומן,ממרח שקדים בטעם קינמון,610,10.0,18.0,53.0,אלפרו,
,שומן,קרם קוקוס בטעם פירות יער,250,2.0,8.0,23.0,יטבתה,
,פחמימה,עוגיות חמאה בטעם וניל,470,6.0,60.0,24.0,תנובה,
,פחמימה,פסטה עם רוטב עגבניות,150,5.0,28.0,1.0,שטראוס,
,פחמימה,פריכיות בטעם פירות יער,380,8.0,78.0,2.0,שטראוס,
,פחמימה,לחם קל עם שיבולת שועל,210,8.0,42.0,2.0,שטראוס,
,פחמימה,עוגיות חמאה עם קינמון,470,6.0,60.0,24.0,יטבתה,
,פחמימה,לחם קל בטעם דגנים,200,8.0,40.0,2.0,יטבתה,
,חלבון,סטייק דג סלמון ברוטב שום,210,25.0,0.0,12.0,מולר,
,חלבון,שניצל עוף בטיגון קל,220,22.0,10.0,8.0,שטראוס,
,חלבון,חזה עוף בתיבול עשבים,160,28.0,1.0,4.0,אלפרו,
,חלבון,פילה דג בקלה בתיבול עשבי תיבול,140,21.0,0.0,2.0,תנובה,
,חלבון,עוף מוקפץ עם ירקות,160,28.0,3.0,4.0,יטבתה,
,חלבון,קציצות בקר עם תיבול טבעי,200,20.0,5.0,8.0,יטבתה,
,חלבון,יוגורט בטעם וניל,120,10.0,15.0,3.0,אלפרו,לא
,חלבון,פילה דג מקרל בגריל,190,23.0,0.0,11.0,תנובה,
,חלבון,גבינת חלומי מטוגנת קלות,320,22.0,1.0,25.0,מולר,
,חלבון,סטייק טלה עם תבלינים,290,29.0,0.0,20.0,תנובה,
,חלבון,גבינת מוצרלה קלויה,270,23.0,1.0,20.0,תנובה,
,חלבון,עוף בתיבול פפריקה מתוקה,170,30.0,1.0,5.0,שטראוס,
,חלבון,ביצי עין עם ירקות,150,12.0,3.0,8.0,יטבתה,
,שומן,שמן זית בטעם שום ועשבים,884,0.0,0.0,100.0,מולר,
,שומן,טחינה מלאה עם שומשום,610,15.0,14.0,55.0,מולר,
,שומן,שוקולד מריר בטעם קפה,540,7.0,50.0,35.0,יטבתה,
,שומן,ממרח שוקולד בטעם וניל,540,6.0,52.0,32.0,אלפרו,
,שומן,קרם קוקוס בטעם פירות יער,250,2.0,8.0,22.0,אלפרו,
,שומן,חמאת אגוזי קשיו אורגנית,620,12.0,18.0,54.0,אלפרו,
,שומן,שמן אגוזי מקדמיה כתית מעולה,884,0.0,0.0,100.0,יטבתה,
,שומן,שוקולד לבן עם אגוזי פקאן,560,5.0,55.0,34.0,מולר,
,שומן,ממרח שקדים בטעם קינמון,600,10.0,18.0,53.0,מולר,
,שומן,שמן זית בטעם פלפל חריף,884,0.0,0.0,100.0,מולר,
,שומן,טחינה ירוקה בטעם שום,610,15.0,14.0,55.0,שטראוס,
,שומן,קרם קוקוס עם תוספת וניל,260,2.0,8.0,23.0,תנובה,
,שומן,שוקולד מריר 90%,570,6.0,50.0,36.0,מולר,
,שומן,ממרח אגוזים בטעם פירות יער,590,10.0,20.0,50.0,מולר,
,פחמימה,לחם קל עם גרעינים,200,8.0,38.0,3.0,יטבתה,
,פחמימה,עוגיות חמאה בטעם קינמון,470,6.0,60.0,24.0,יטבתה,
,פחמימה,בורקס תרד בטעם גבינה,330,7.0,42.0,18.0,שטראוס,
,פחמימה,פסטה ברוטב עגבניות,150,5.0,28.0,1.0,שטראוס,
,פחמימה,עוגת תפוחים עם קרם,280,5.0,48.0,10.0,תנובה,
,פחמימה,פריכיות בטעם קרמל,380,8.0,78.0,2.0,מולר,
,פחמימה,גרנולה בטעם אגוזים,450,10.0,65.0,15.0,אלפרו,
,פחמימה,עוגת גזר עם קרם וניל,360,6.0,55.0,15.0,שטראוס,
,פחמימה,לחם קל עם דגנים,200,8.0,40.0,2.0,שטראוס,
,פחמימה,עוגת שוקולד בטעם וניל,380,6.0,58.0,20.0,שטראוס,
,פחמימה,קרקרים בטעם שום,410,10.0,65.0,7.0,יטבתה,
,פחמימה,לחם שיפון עם גרעינים,220,8.0,45.0,2.0,שטראוס,
,פחמימה,עוגת גבינה עם פירות יער,370,6.0,55.0,15.0,תנובה,
,פחמימה,עוגיות חמאה עם וניל,470,6.0,60.0,24.0,מולר,
,פחמימה,בורקס גבינה בטעם זיתים,330,7.0,42.0,18.0,מולר,
,פחמימה,עוגת בננה בטעם אגוזים,350,6.0,52.0,15.0,שטראוס,
,חלבון,פילה דג סלמון בתיבול שום ועשבים,210,25.0,0.0,12.0,אלפרו,
,חלבון,יוגורט יווני עם דבש,130,9.0,14.0,6.0,אלפרו,כן
,חלבון,שניצל עוף עם ציפוי שיבולת שועל,200,21.0,15.0,7.0,שטראוס,
,חלבון,מרק שעועית ירוקה עם ירקות,110,7.0,18.0,2.0,תנובה,
,חלבון,חזה הודו במרינדה,170,30.0,1.0,3.0,שטראוס,
,חלבון,טופו בטעם ברביקיו,140,12.0,8.0,5.0,יטבתה,
,חלבון,עוף צלוי עם לימון ופפריקה,160,28.0,2.0,4.0,אלפרו,
,חלבון,גבינת חלומי בגריל,320,22.0,1.0,25.0,מולר,
,חלבון,פילה דג בקלה מטוגן קלות,140,22.0,0.0,6.0,יטבתה,
,חלבון,קציצות בקר עם עשבי תיבול,210,20.0,5.0,9.0,מולר,
,חלבון,סטייק טלה בתיבול כפרי,290,29.0,0.0,20.0,יטבתה,
,חלבון,מרק עדשים כתומות עם ירקות,120,9.0,15.0,2.0,שטראוס,
,חלבון,פילה דג סול עם רוטב שום,140,22.0,0.0,6.0,מולר,
,חלבון,חזה עוף מוקפץ עם ירקות טריים,160,28.0,3.0,5.0,תנובה,
,חלבון,יוגורט יווני 5% בטעם טבעי,120,10.0,6.0,5.0,אלפרו,לא
,חלבון,סטייק בקר בתיבול קלאסי,280,29.0,0.0,18.0,אלפרו,
,שומן,שמן זית בטעם שום,884,0.0,0.0,100.0,תנובה,
,שומן,טחינה מלאה בטעם צ'ילי,620,15.0,16.0,54.0,אלפרו,
,שומן,שוקולד מריר בטעם אגוזים,540,7.0,50.0,35.0,יטבתה,
,שומן,שמן קוקוס בטעם וניל,860,0.0,0.0,100.0,שטראוס,
,שומן,ממרח אגוזים עם קינמון,590,10.0,20.0,50.0,שטראוס,
,שומן,שמן אגוזי לוז כתית מעולה,884,0.0,0.0,100.0,מולר,
,שומן,קרם קוקוס עם תוספת וניל,250,2.0,8.0,22.0,שטראוס,
,שומן,שוקולד לבן בטעם קרמל,550,5.0,55.0,34.0,שטראוס,
,שומן,חמאת שקדים עם וניל,610,10.0,18.0,53.0,שטראוס,
,שומן,ממרח אגוזים בטעם דבש,600,12.0,18.0,54.0,שטראוס,
,שומן,שוקולד מריר בטעם פירות יער,550,6.0,50.0,35.0,שטראוס,
,שומן,חמאה אורגנית בטעם שום,720,1.0,0.0,81.0,תנובה,
,שומן,קרם קוקוס בטעם תות,260,2.0,9.0,23.0,יטבתה,
,שומן,שוקולד חלב בטעם פיסטוק,550,5.0,60.0,32.0,אלפרו,
,שומן,שמן אבוקדו בטעם עשבים,884,0.0,0.0,100.0,אלפרו,
,שומן,שמן חריע אורגני,884,0.0,0.0,100.0,תנובה,
,פחמימה,לחם קל עם שיבולת שועל,200,8.0,38.0,3.0,יטבתה,
,פחמימה,עוגת בננה עם אגוזים,350,6.0,55.0,15.0,תנובה,
,פחמימה,עוגת תפוחים בטעם קינמון,280,5.0,48.0,10.0,מולר,
,פחמימה,עוגת גזר עם קרם,360,6.0,55.0,15.0,יטבתה,
,פחמימה,קרקרים עם שומשום,400,10.0,60.0,7.0,שטראוס,
,פחמימה,עוגת שוקולד בטעם טבעי,380,6.0,58.0,20.0,מולר,
,פחמימה,פריכיות אורז בטעם קינמון,380,8.0,78.0,2.0,יטבתה,
,חלבון,פילה דג סלמון בגריל,210,25.0,0.0,12.0,יטבתה,
,חלבון,יוגורט בטעם אפרסק,120,10.0,15.0,3.0,שטראוס,כן
,חלבון,שניצל עוף בציפוי דק,220,22.0,10.0,8.0,שטראוס,
,חלבון,מרק עדשים עם ירקות,110,8.0,16.0,2.0,יטבתה,
,חלבון,חזה עוף בתיבול שום,160,28.0,1.0,4.0,תנובה,
,חלבון,טופו מוקפץ עם תבלינים,130,11.0,7.0,5.0,אלפרו,
,חלבון,פילה דג מקרל בטעם טבעי,190,23.0,0.0,11.0,מולר,
,חלבון,עוף צלוי בטעם ברביקיו,170,30.0,2.0,5.0,יטבתה,
,חלבון,קציצות בקר עם פטרוזיליה,200,20.0,5.0,8.0,מולר,
,חלבון,יוגורט בטעם וניל ודבש,130,10.0,14.0,4.0,מולר,לא
,חלבון,סטייק טלה עם פלפל שחור,290,29.0,0.0,20.0,יטבתה,
,חלבון,פילה דג דניס עם עשבים,150,22.0,0.0,6.0,תנובה,
,חלבון,מרק שעועית אדומה עם גזר,120,9.0,18.0,2.0,מולר,
,חלבון,עוף מטוגן בטעם חריף,170,30.0,3.0,5.0,שטראוס,
,חלבון,טופו ברוטב אסייתי,140,12.0,6.0,5.0,יטבתה,
,חלבון,ביצים מקושקשות עם עשבי תיבול,150,12.0,4.0,9.0,יטבתה,
,חלבון,סטייק בקר ברוטב שום,280,29.0,0.0,18.0,יטבתה,
,שומן,שמן זית כתית מעולה בטעם שום,884,0.0,0.0,100.0,אלפרו,
,שומן,טחינה עם תוספת פטרוזיליה,600,15.0,14.0,55.0,מולר,
,שומן,שוקולד מריר עם נענע,540,7.0,50.0,35.0,שטראוס,
,שומן,ממרח אגוזים עם דבש,590,10.0,20.0,50.0,תנובה,
,שומן,קרם קוקוס עם טעם שוקולד,260,2.0,8.0,23.0,תנובה,
,שומן,שוקולד לבן עם אגוזי מלך,550,5.0,55.0,34.0,מולר,
,שומן,ממרח שוקולד בטעם דובדבנים,540,6.0,52.0,32.0,אלפרו,
,שומן,שוקולד מריר בטעם פירות אדומים,550,6.0,50.0,35.0,אלפרו,
,שומן,חמאה בטעם שום ועשבים,720,1.0,0.0,81.0,יטבתה,
,שומן,שמן אבוקדו בטעם עשבי תיבול,884,0.0,0.0,100.0,תנובה,
,שומן,שמן קוקוס עם תבלינים,860,0.0,0.0,100.0,שטראוס,
,שומן,שמן אגוזי לוז בטעם אגסים,884,0.0,0.0,100.0,תנובה,
,פחמימה,עוגת תפוחים בטעם וניל,280,5.0,48.0,10.0,שטראוס,
,פחמימה,פריכיות אורז בטעם תות,380,8.0,78.0,2.0,מולר,
,פחמימה,לחם קל בטעם שיבולת שועל,200,8.0,40.0,2.0,שטראוס,
,פחמימה,בורקס גבינה בטעם תרד,330,7.0,42.0,18.0,תנובה,
,חלבון,פילה דג סלמון בתיבול שום,210,25.0,0.0,12.0,שטראוס,
,חלבון,יוגורט בטעם אננס,120,10.0,15.0,3.0,תנובה,כן
,חלבון,שניצל עוף במרינדה,220,22.0,10.0,8.0,מולר,
,חלבון,מרק עדשים ירוקות עם ירקות,110,8.0,16.0,2.0,יטבתה,
,חלבון,חזה הודו במרינדה לימונית,160,28.0,1.0,4.0,אלפרו,
,חלבון,טופו עם ירקות מוקפצים,130,11.0,7.0,5.0,אלפרו,
,חלבון,פילה דג מקרל בתיבול כפרי,190,23.0,0.0,11.0,מולר,
,חלבון,עוף צלוי עם רוטב שום,170,30.0,2.0,5.0,יטבתה,
,חלבון,קציצות בקר עם בצל ירוק,200,20.0,5.0,8.0,יטבתה,
,חלבון,יוגורט בטעם דבש וקינמון,130,10.0,14.0,4.0,שטראוס,כן
,חלבון,פילה דג סול במרינדה,140,22.0,0.0,6.0,תנובה,
,חלבון,גבינת חלומי מטוגנת קלות,310,22.0,1.0,25.0,תנובה,
,חלבון,סטייק טלה ברוטב חרדל,290,29.0,0.0,20.0,שטראוס,
,חלבון,פילה דג דניס בתיבול בזיליקום,150,22.0,0.0,6.0,תנובה,
,חלבון,מרק שעועית אדומה עם תבלינים,120,9.0,18.0,2.0,מולר,
,חלבון,יוגורט עיזים עם פירות יער,90,7.0,4.0,5.0,מולר,לא
,חלבון,עוף במרינדת פפריקה,170,30.0,3.0,5.0,יטבתה,
,חלבון,טופו בטעם עשבים,140,12.0,6.0,5.0,מולר,
,חלבון,ביצים עם ירקות מוקפצים,150,12.0,4.0,9.0,יטבתה,
,חלבון,סטייק בקר ברוטב יין אדום,280,29.0,0.0,18.0,תנובה,
,שומן,שמן קוקוס בטעם פירות,860,0.0,0.0,100.0,יטבתה,
,שומן,שוקולד לבן עם אגוזי פקאן,550,5.0,55.0,34.0,שטראוס,
,שומן,חמאת שקדים עם דבש,610,10.0,18.0,53.0,תנובה,
,שומן,שוקולד מריר עם דובדבנים,550,6.0,50.0,35.0,יטבתה,
,שומן,חמאה בטעם תבלינים,720,1.0,0.0,81.0,יטבתה,
,שומן,שמן זית בטעם עגבניות מיובשות,884,0.0,0.0,100.0,יטבתה,
,שומן,שמן קוקוס עם קקאו,860,0.0,0.0,100.0,שטראוס,
,שומן,שמן אגוזי מלך בטעם טבעי,884,0.0,0.0,100.0,שטראוס,
,שומן,שמן אגוזי לוז בטעם קרמל,884,0.0,0.0,100.0,מולר,
,פחמימה,עוגת בננה עם צימוקים,350,6.0,55.0,15.0,אלפרו,
,פחמימה,פסטה עם רוטב פסטו,300,8.0,45.0,12.0,יטבתה,
,פחמימה,פריכיות אורז בטעם קרמל,380,8.0,78.0,2.0,שטראוס,
,פחמימה,עוגת גזר עם קרם שוקולד,360,6.0,55.0,15.0,תנובה,
,פחמימה,לחם קל בטעם גרעינים,200,8.0,40.0,2.0,תנובה,
,פחמימה,קרקרים בטעם עשבים,400,10.0,60.0,7.0,תנובה,
,פחמימה,מיץ תפוזים בטעם טבעי,50,0.0,12.0,0.0,תנובה,
,פחמימה,עוגיות שוקולד צ'יפס בטעם קרמל,480,6.0,60.0,25.0,תנובה,
,פחמימה,לחם כוסמין עם גרעיני חמניות,210,8.0,42.0,2.0,תנובה,
,פחמימה,פריכיות אורז בטעם דבש,380,8.0,78.0,2.0,שטראוס,
,חלבון,יוגורט בטעם מנגו,120,10.0,15.0,3.0,שטראוס,כן
,חלבון,מרק עדשים עם בטטה,110,8.0,16.0,2.0,מולר,
,חלבון,חזה הודו עם רוטב לימון,160,28.0,1.0,4.0,אלפרו,
,חלבון,פילה דג סלמון במרינדה,210,25.0,0.0,12.0,תנובה,
,חלבון,יוגורט עיזים בטעם תות,120,10.0,14.0,4.0,יטבתה,לא
,חלבון,שניצל עוף בתיבול חרדל,220,22.0,10.0,8.0,תנובה,
,חלבון,מרק עדשים עם כורכום,110,8.0,16.0,2.0,מולר,
,חלבון,חזה עוף צלוי עם שום,160,28.0,1.0,4.0,יטבתה,
,חלבון,עוף צלוי עם רוטב ברביקיו,170,30.0,2.0,5.0,אלפרו,
,חלבון,קציצות בקר עם ירקות,200,20.0,5.0,8.0,תנובה,
,חלבון,יוגורט בטעם דבש,130,10.0,15.0,4.0,אלפרו,כן
,חלבון,חזה עוף בתיבול פיקנטי,150,30.0,0.0,3.0,יטבתה,
,חלבון,פילה דג בקלה בתנור,110,24.0,0.0,1.0,תנובה,
,חלבון,יוגורט יווני בטעם וניל,100,9.0,12.0,3.0,אלפרו,כן
,חלבון,טופו מוקפץ עם ירקות טריים,130,13.0,5.0,6.0,אלפרו,
,חלבון,סטייק טונה ברוטב סויה,200,28.0,2.0,8.0,שטראוס,
,חלבון,קציצות הודו עם עשבי תיבול,180,27.0,3.0,5.0,יטבתה,
,חלבון,גבינת ריקוטה דלת שומן,130,11.0,3.0,5.0,תנובה,
,חלבון,חביתת חלבונים עם תרד,90,10.0,1.0,4.0,שטראוס,
,חלבון,מרק אפונה עם ירקות,80,7.0,12.0,2.0,מולר,
,חלבון,סטייק בקר במרינדת שום,250,30.0,0.0,15.0,יטבתה,
,חלבון,גבינת קוטג' 5%,100,11.0,3.0,4.0,אלפרו,
,חלבון,פילה דג סלמון בגריל,200,25.0,0.0,10.0,תנובה,
,חלבון,שניצל עוף פריך,220,21.0,15.0,7.0,יטבתה,
,חלבון,מרק עדשים עם עשבי תיבול,110,9.0,17.0,3.0,מולר,
,חלבון,פילה דג סול עם תיבול חרדל,140,22.0,0.0,5.0,אלפרו,
,חלבון,גבינת מוצרלה דלת שומן,160,18.0,1.0,10.0,תנובה,
,חלבון,קציצות עוף עם עשבי תיבול,190,28.0,2.0,6.0,תנובה,
,חלבון,פילה דג דניס צלוי,170,24.0,0.0,8.0,מולר,
,חלבון,יוגורט טבעי 3%,60,5.0,4.0,3.0,מולר,לא
,חלבון,עוף מוקפץ עם ירקות שורש,150,28.0,2.0,4.0,יטבתה,
,חלבון,פילה טונה במרינדת עשבי תיבול,180,31.0,1.0,5.0,יטבתה,
,חלבון,סטייק עוף בתיבול אסייתי,160,30.0,1.0,4.0,שטראוס,
,חלבון,ביצה קשה עם סלט ירקות,80,7.0,2.0,5.0,אלפרו,
,חלבון,חזה הודו מוקפץ עם פטריות,140,27.0,2.0,3.0,שטראוס,
,חלבון,יוגורט יווני בטעם אגוזים,120,9.0,10.0,4.0,אלפרו,כן
,חלבון,שניצל עוף פריך עם ציפוי שיבולת שועל,230,21.0,15.0,7.0,שטראוס,
,חלבון,מרק עדשים אדומות עם גזר,110,8.0,18.0,3.0,שטראוס,
,חלבון,חזה עוף צלוי בתיבול פפריקה,160,28.0,1.0,4.0,שטראוס,
,חלבון,טופו בתיבול אסייתי,130,11.0,7.0,5.0,שטראוס,
,חלבון,פילה דג מקרל בטעם כפרי,190,23.0,0.0,11.0,יטבתה,
,חלבון,עוף מוקפץ עם ירקות בטעם חריף,170,30.0,2.0,5.0,שטראוס,
,חלבון,קציצות בקר ברוטב עגבניות,200,20.0,5.0,8.0,אלפרו,
,חלבון,יוגורט עיזים בטעם פירות יער,130,10.0,14.0,4.0,שטראוס,כן
,חלבון,פילה דג סול במרינדת שום,140,22.0,0.0,6.0,תנובה,
,חלבון,גבינת חלומי מטוגנת עם עשבי תיבול,310,22.0,1.0,25.0,אלפרו,
,חלבון,מרק שעועית לבנה עם תיבול,120,8.0,16.0,2.0,מולר,
,חלבון,יוגורט בטעם מנגו,120,9.0,15.0,3.0,אלפרו,לא
,חלבון,עוף מוקפץ עם תיבול כפרי,160,28.0,1.0,4.0,אלפרו,
,חלבון,טופו מוקפץ עם ירקות ירוקים,140,12.0,6.0,5.0,יטבתה,
,חלבון,סטייק בקר עם רוטב יין אדום,280,29.0,0.0,18.0,יטבתה,
,חלבון,סטייק עוף בתיבול עשבים,160,30.0,1.0,4.0,אלפרו,
,חלבון,פילה דג מקרל במרינדת שום,190,23.0,0.0,11.0,שטראוס,
,חלבון,חזה עוף במרינדה מתוקה,140,27.0,3.0,3.0,יטבתה,
,חלבון,יוגורט בטעם וניל,60,5.0,4.0,3.0,שטראוס,לא
,חלבון,פילה טונה בתיבול פלפל שחור,180,31.0,1.0,5.0,תנובה,
,חלבון,גבינת קוטג' מועשרת בחלבון 7%,100,12.0,3.0,4.0,תנובה,
,שומן,שמן זית כתית מעולה,884,0.0,0.0,100.0,יד מרדכי,
,פחמימה,לחם כוסמין מלא,250,10.0,45.0,2.0,אחווה,
,חלבון,סטייק בקר עם רוטב ברביקיו,280,29.0,0.0,18.0,מעדני גורמה,
,שומן,שמן אבוקדו בכבישה קרה,884,0.0,0.0,100.0,אבוקדו גרין,
,פחמימה,פריכיות אורז מלא עם קינואה,380,8.0,78.0,2.0,תבואות,
,חלבון,חזה עוף במרינדת סויה,170,30.0,2.0,4.0,מעדני עוף,
,שומן,חמאת שקדים טבעית,610,15.0,18.0,55.0,שקדיה,
,פחמימה,לחם כוסמין עם שיבולת שועל,230,10.0,40.0,3.0,מאפיות ברמן,
,חלבון,טופו בתיבול שום ועשבי תיבול,120,11.0,4.0,6.0,משק ויילר,
,חלבון,גבינת ריקוטה דלת שומן,100,10.0,3.0,5.0,תנובה,
,שומן,שמן זרעי ענבים,884,0.0,0.0,100.0,גרנות,
,פחמימה,פסטה מחיטת דורום מלאה,360,12.0,72.0,2.0,ברילה,
,שומן,חמאת קוקוס אורגנית,862,0.0,1.0,99.0,קוקוס גרין,
,חלבון,סטייק עוף בגריל בטעם מעושן,190,29.0,1.0,6.0,עוף טוב,
,פחמימה,לחם מלא עם אגוזים,250,9.0,45.0,4.0,מאפיות אנג'ל,
,שומן,טחינה עם גרעיני חמניות,590,21.0,13.0,48.0,אל ארז,
,חלבון,גבינת קממבר טבעית,330,20.0,1.0,27.0,מחלבות ברי,
,פחמימה,אורז מלא עם קינואה,180,6.0,39.0,2.0,תבואות,
,חלבון,חזה הודו בתיבול אסייתי,150,29.0,2.0,3.0,מעדני טבע,
,שומן,שמן קוקוס בטעם טבעי,860,0.0,0.0,100.0,קוקוס גרין,
,פחמימה,קרקרים מחיטה מלאה,400,10.0,70.0,8.0,מאפיות אסם,
,חלבון,טופו מוקפץ בתיבול לימוני,130,12.0,5.0,5.0,משק הררי,
,פחמימה,פסטה ברוטב פסטו,320,8.0,60.0,3.0,ברילה,
,שומן,ממרח אגוזי לוז בטעם שוקולד,550,5.0,50.0,35.0,מולינו,
,חלבון,סטייק סלמון עם עשבי תיבול,200,25.0,0.0,10.0,מעדני גורמה,
,שומן,טחינה גולמית אורגנית,610,20.0,10.0,50.0,אל ארז,
,פחמימה,אורז בסמטי מלא,360,8.0,78.0,1.0,תבואות,
,חלבון,חזה עוף צלוי עם עשבי תיבול,150,31.0,1.0,3.0,עוף טוב,
,שומן,שמן זית כתית בטעם שום,884,0.0,0.0,100.0,יד מרדכי,
,פחמימה,פריכיות אורז עם צ'יה,380,7.0,76.0,2.0,תבואות,
,חלבון,סטייק טונה טרי בגריל,180,30.0,0.0,4.0,מעדני גורמה,
,פחמימה,לחם שיפון עם גרעינים,250,8.0,46.0,3.0,מאפיות אנג'ל,
,שומן,חמאת בוטנים טבעית,590,25.0,20.0,50.0,שקדיה,
,חלבון,יוגורט טבעי מועשר בחלבון,60,10.0,5.0,1.0,תנובה,
,שומן,טחינה משומשום מלא,630,21.0,9.0,54.0,אל ארז,
,פחמימה,אורז מלא בטעם אסייתי,360,9.0,75.0,2.0,תבואות,
